fips,County Name,sum,1/1/2021,1/2/2021,1/3/2021,1/4/2021,1/5/2021,1/6/2021,1/7/2021,1/8/2021,1/9/2021,1/10/2021,1/11/2021,1/12/2021,1/13/2021,1/14/2021,1/15/2021,1/16/2021,1/17/2021,1/18/2021,1/19/2021,1/20/2021,1/21/2021,1/22/2021,1/23/2021,1/24/2021,1/25/2021,1/26/2021,1/27/2021,1/28/2021,1/29/2021,1/30/2021,1/31/2021,2/1/2021,2/2/2021,2/3/2021,2/4/2021,2/5/2021,2/6/2021,2/7/2021,2/8/2021,2/9/2021,2/10/2021,2/11/2021,2/12/2021,2/13/2021,2/14/2021,2/15/2021,2/16/2021,2/17/2021,2/18/2021,2/19/2021,2/20/2021,2/21/2021,2/22/2021,2/23/2021,2/24/2021,2/25/2021,2/26/2021,2/27/2021,2/28/2021,3/1/2021,3/2/2021,3/3/2021,3/4/2021,3/5/2021,3/6/2021,3/7/2021,3/8/2021,3/9/2021,3/10/2021,3/11/2021,3/12/2021,3/13/2021,3/14/2021,3/15/2021,3/16/2021,3/17/2021,3/18/2021,3/19/2021,3/20/2021,3/21/2021,3/22/2021,3/23/2021,3/24/2021,3/25/2021,3/26/2021,3/27/2021,3/28/2021,3/29/2021,3/30/2021,3/31/2021,4/1/2021,4/2/2021,4/3/2021,4/4/2021,4/5/2021,4/6/2021,4/7/2021,4/8/2021,4/9/2021,4/10/2021,4/11/2021,4/12/2021,4/13/2021,4/14/2021,4/15/2021,4/16/2021,4/17/2021,4/18/2021,4/19/2021,4/20/2021,4/21/2021,4/22/2021,4/23/2021,4/24/2021,4/25/2021,4/26/2021,4/27/2021,4/28/2021,4/29/2021,4/30/2021,5/1/2021,5/2/2021,5/3/2021,5/4/2021,5/5/2021,5/6/2021,5/7/2021,5/8/2021,5/9/2021,5/10/2021,5/11/2021,5/12/2021,5/13/2021,5/14/2021,5/15/2021,5/16/2021,5/17/2021,5/18/2021,5/19/2021,5/20/2021,5/21/2021,5/22/2021,5/23/2021,5/24/2021,5/25/2021,5/26/2021,5/27/2021,5/28/2021,5/29/2021,5/30/2021,5/31/2021,6/1/2021,6/2/2021,6/3/2021,6/4/2021,6/5/2021,6/6/2021,6/7/2021,6/8/2021,6/9/2021,6/10/2021,6/11/2021,6/12/2021,6/13/2021,6/14/2021,6/15/2021,6/16/2021,6/17/2021,6/18/2021,6/19/2021,6/20/2021,6/21/2021,6/22/2021,6/23/2021,6/24/2021,6/25/2021,6/26/2021,6/27/2021,6/28/2021,6/29/2021,6/30/2021,7/1/2021,7/2/2021,7/3/2021,7/4/2021,7/5/2021,7/6/2021,7/7/2021,7/8/2021,7/9/2021,7/10/2021,7/11/2021,7/12/2021,7/13/2021,7/14/2021,7/15/2021,7/16/2021,7/17/2021,7/18/2021,7/19/2021,7/20/2021,7/21/2021,7/22/2021,7/23/2021,7/24/2021,7/25/2021,7/26/2021,7/27/2021,7/28/2021,7/29/2021,7/30/2021,7/31/2021,8/1/2021,8/2/2021,8/3/2021,8/4/2021,8/5/2021,8/6/2021,8/7/2021,8/8/2021,8/9/2021,8/10/2021,8/11/2021,8/12/2021,8/13/2021,8/14/2021,8/15/2021,8/16/2021,8/17/2021,8/18/2021,8/19/2021,8/20/2021,8/21/2021,8/22/2021,8/23/2021,8/24/2021,8/25/2021,8/26/2021,8/27/2021,8/28/2021,8/29/2021,8/30/2021,8/31/2021,9/1/2021,9/2/2021,9/3/2021,9/4/2021,9/5/2021,9/6/2021,9/7/2021,9/8/2021,9/9/2021,9/10/2021,9/11/2021,9/12/2021,9/13/2021,9/14/2021,9/15/2021,9/16/2021,9/17/2021,9/18/2021,9/19/2021,9/20/2021,9/21/2021,9/22/2021,9/23/2021,9/24/2021,9/25/2021,9/26/2021,9/27/2021,9/28/2021,9/29/2021,9/30/2021,10/1/2021,10/2/2021,10/3/2021,10/4/2021,10/5/2021,10/6/2021,10/7/2021,10/8/2021,10/9/2021,10/10/2021,10/11/2021,10/12/2021,10/13/2021,10/14/2021,10/15/2021,10/16/2021,10/17/2021,10/18/2021,10/19/2021,10/20/2021,10/21/2021,10/22/2021,10/23/2021,10/24/2021,10/25/2021,10/26/2021,10/27/2021,10/28/2021,10/29/2021,10/30/2021,10/31/2021,11/1/2021,11/2/2021,11/3/2021,11/4/2021,11/5/2021,11/6/2021,11/7/2021,11/8/2021,11/9/2021,11/10/2021,11/11/2021,11/12/2021,11/13/2021,11/14/2021,11/15/2021,11/16/2021,11/17/2021,11/18/2021,11/19/2021,11/20/2021,11/21/2021,11/22/2021,11/23/2021,11/24/2021,11/25/2021,11/26/2021,11/27/2021,11/28/2021,11/29/2021,11/30/2021,12/1/2021,12/2/2021,12/3/2021,12/4/2021,12/5/2021,12/6/2021,12/7/2021,12/8/2021,12/9/2021,12/10/2021,12/11/2021,12/12/2021,12/13/2021,12/14/2021,12/15/2021,12/16/2021,12/17/2021,12/18/2021,12/19/2021,12/20/2021,12/21/2021,12/22/2021,12/23/2021,12/24/2021,12/25/2021,12/26/2021,12/27/2021,12/28/2021,12/29/2021,12/30/2021,12/31/2021
6001,Alameda County ,456132,660,669,684,695,712,722,729,739,750,765,774,795,809,819,831,838,850,859,863,876,889,904,910,918,928,936,948,956,965,973,982,986,996,1003,1010,1021,1027,1030,1037,1042,1050,1057,1064,1071,1084,1090,1092,1096,1101,1104,1106,1110,1114,1118,1127,1129,1135,1137,1139,1139,1143,1146,1148,1150,1151,1152,1153,1155,1156,1157,1157,1158,1163,1164,1166,1169,1172,1173,1175,1177,1178,1179,1182,1183,1185,1185,1187,1187,1188,1188,1189,1191,1194,1195,1198,1199,1200,1201,1202,1203,1203,1204,1204,1204,1205,1206,1207,1209,1209,1212,1213,1213,1213,1215,1216,1216,1219,1221,1222,1222,1223,1224,1225,1225,1225,1226,1227,1229,1230,1231,1232,1234,1234,1235,1235,1235,1235,1235,1235,1237,1237,1238,1238,1240,1240,1242,1244,1244,1244,1244,1244,1244,1246,1248,1248,1250,1250,1251,1251,1252,1253,1253,1253,1253,1254,1254,1254,1255,1256,1256,1256,1256,1256,1256,1256,1256,1259,1259,1259,1259,1259,1259,1259,1259,1259,1259,1259,1259,1259,1259,1260,1260,1260,1260,1260,1260,1261,1261,1263,1263,1263,1266,1267,1269,1272,1272,1275,1275,1277,1277,1277,1277,1279,1281,1283,1284,1284,1284,1284,1285,1286,1287,1288,1289,1289,1291,1292,1292,1294,1294,1294,1294,1294,1294,1296,1296,1296,1296,1296,1296,1296,1297,1298,1301,1301,1301,1301,1301,1301,1305,1306,1306,1306,1308,1308,1315,1316,1316,1316,1316,1319,1319,1320,1321,1322,1322,1322,1324,1324,1329,1336,1340,1340,1340,1346,1344,1347,1350,1353,1353,1353,1355,1355,1354,1354,1371,1371,1362,1377,1379,1386,1386,1386,1386,1393,1400,1410,1410,1416,1416,1416,1416,1416,1422,1422,1434,1434,1434,1442,1445,1451,1451,1451,1451,1451,1459,1462,1465,1470,1470,1470,1473,1473,1473,1473,1473,1475,1475,1475,1489,1489,1487,1490,1492,1492,1490,1494,1494,1494,1494,1494,1494,1499,1499,1499,1499,1505,1505,1509,1505,1513,1515,1518,1519,1519,1519,1520,1520,1520,1520,1520,1520,1522,1522,1526
6003,Alpine County ,0,0,0,0,0,0,0,0,0,0,0,0,0,0,0,0,0,0,0,0,0,0,0,0,0,0,0,0,0,0,0,0,0,0,0,0,0,0,0,0,0,0,0,0,0,0,0,0,0,0,0,0,0,0,0,0,0,0,0,0,0,0,0,0,0,0,0,0,0,0,0,0,0,0,0,0,0,0,0,0,0,0,0,0,0,0,0,0,0,0,0,0,0,0,0,0,0,0,0,0,0,0,0,0,0,0,0,0,0,0,0,0,0,0,0,0,0,0,0,0,0,0,0,0,0,0,0,0,0,0,0,0,0,0,0,0,0,0,0,0,0,0,0,0,0,0,0,0,0,0,0,0,0,0,0,0,0,0,0,0,0,0,0,0,0,0,0,0,0,0,0,0,0,0,0,0,0,0,0,0,0,0,0,0,0,0,0,0,0,0,0,0,0,0,0,0,0,0,0,0,0,0,0,0,0,0,0,0,0,0,0,0,0,0,0,0,0,0,0,0,0,0,0,0,0,0,0,0,0,0,0,0,0,0,0,0,0,0,0,0,0,0,0,0,0,0,0,0,0,0,0,0,0,0,0,0,0,0,0,0,0,0,0,0,0,0,0,0,0,0,0,0,0,0,0,0,0,0,0,0,0,0,0,0,0,0,0,0,0,0,0,0,0,0,0,0,0,0,0,0,0,0,0,0,0,0,0,0,0,0,0,0,0,0,0,0,0,0,0,0,0,0,0,0,0,0,0,0,0,0,0,0,0,0,0,0,0,0,0,0,0,0,0,0,0,0,0,0,0,0,0,0,0,0,0,0,0,0,0,0,0,0,0,0,0,0
6005,Amador County ,18598,25,25,25,25,27,27,29,29,29,29,29,29,29,29,29,31,31,31,31,32,33,33,33,34,34,34,35,35,35,36,36,37,37,37,38,38,38,38,39,40,40,40,40,40,41,41,41,41,42,42,42,42,42,42,42,42,42,42,43,43,43,43,43,43,43,43,43,43,44,44,45,45,45,45,45,45,45,46,46,46,46,46,46,46,46,46,46,46,46,47,47,47,47,47,47,47,47,47,47,47,47,47,47,47,47,47,47,47,47,47,47,47,47,47,47,47,47,47,47,47,47,47,47,47,47,47,47,47,47,47,47,47,47,47,47,47,47,47,47,47,47,47,47,47,47,47,47,47,47,47,47,47,47,47,47,47,47,47,47,47,47,47,47,47,47,47,47,47,47,47,47,47,47,47,47,47,47,47,47,47,48,48,48,48,48,48,48,48,48,48,48,48,48,48,48,48,48,48,48,48,48,48,48,48,48,48,48,48,48,48,48,48,48,48,48,48,49,49,49,49,49,49,49,50,50,50,50,50,50,50,50,50,50,50,50,53,53,53,53,53,53,53,53,53,53,53,53,53,53,56,56,56,56,56,56,57,58,58,58,58,59,59,59,59,59,59,59,59,59,61,61,61,61,61,61,61,61,62,62,62,62,62,62,62,63,64,64,64,64,64,64,64,64,64,64,64,64,64,64,64,64,64,64,66,66,66,66,66,66,66,66,66,66,66,66,66,66,66,66,66,66,66,66,66,66,66,66,66,66,66,66,66,67,67,67,67,67,67,68,69,69,69,69,69,69,69,69,69,69,70,70,70,70,70,70,70,70,70,70,70,70,70,70,70,71
6007,Butte County ,80165,130,131,134,135,136,137,141,144,145,147,149,151,152,152,153,153,153,154,154,154,155,156,157,157,160,161,165,165,165,167,168,170,171,171,171,171,171,172,173,173,174,175,176,177,178,179,179,179,179,179,180,180,180,180,180,180,180,180,181,181,182,183,183,183,183,183,183,183,184,184,185,187,189,189,189,189,189,190,190,190,190,191,191,191,191,192,192,192,192,192,192,192,192,192,192,192,192,192,192,192,192,193,193,193,193,194,194,194,194,194,194,194,194,194,194,194,194,194,194,194,194,194,194,194,194,194,195,195,195,195,195,195,196,196,197,198,198,199,199,199,199,199,199,199,199,199,199,199,199,199,199,199,199,199,199,199,199,199,199,199,199,199,199,199,199,200,200,201,201,201,201,201,201,201,201,201,201,201,201,201,201,202,202,203,203,203,203,203,203,203,203,203,203,203,203,203,203,203,203,203,204,204,204,204,204,204,204,204,204,204,205,205,205,205,205,205,205,206,206,206,206,206,206,206,206,206,206,206,206,208,208,208,208,208,211,211,211,211,211,211,211,211,211,212,212,212,212,215,215,217,218,218,218,219,223,225,227,227,227,227,230,231,232,234,236,236,236,238,239,241,241,242,241,242,244,244,245,246,249,249,249,252,252,252,254,261,261,261,261,261,264,267,267,267,270,271,273,273,276,276,276,280,280,281,283,287,287,287,287,287,293,293,293,293,293,296,296,297,300,300,300,304,304,304,304,304,308,308,308,311,311,316,316,316,316,316,319,319,326,326,326,324,326,326,326,326,327,327,327,328,328,329,329,329,329,329,334,337,337,337,337,337,340,340,344
6009,Calaveras County ,22218,28,29,29,31,32,32,32,33,34,34,34,35,35,36,37,37,38,40,40,40,40,40,40,40,41,41,41,41,41,42,42,42,42,42,43,45,45,46,46,46,46,46,46,46,46,46,46,47,48,48,48,48,48,48,48,49,50,50,50,50,50,50,50,50,50,50,50,50,50,50,50,50,50,50,50,50,50,50,50,50,50,50,50,50,50,50,50,50,50,50,50,50,50,50,50,50,51,51,51,51,51,51,51,51,51,51,51,51,52,52,52,52,52,52,52,52,52,52,52,52,52,52,52,52,53,53,53,53,54,54,54,54,55,55,55,55,55,55,55,55,55,55,55,55,55,55,55,55,55,55,55,55,55,55,55,55,55,55,55,55,55,55,55,56,56,56,56,56,56,56,56,56,57,57,57,57,57,57,57,57,57,57,57,57,57,57,57,57,57,57,57,57,57,57,57,57,57,57,57,57,57,57,57,57,57,57,57,57,57,57,57,57,57,57,57,57,57,58,58,58,58,58,58,59,59,59,59,59,59,59,59,59,59,59,59,59,59,59,59,59,59,59,59,62,62,62,62,63,63,63,65,65,65,65,65,66,66,66,66,66,66,66,70,70,70,70,70,70,70,72,72,72,72,72,73,73,73,75,75,75,75,75,75,75,75,80,80,80,80,80,81,81,81,81,81,81,82,82,82,82,82,82,82,82,82,82,82,82,82,82,83,83,83,83,83,83,83,83,84,83,84,84,84,84,84,84,85,85,85,88,88,88,88,88,88,88,88,88,89,89,89,89,89,89,89,89,89,91,91,89,91,91,91,91,91,91,91,91,91,93,93,93,93,93,93
6011,Colusa County ,5880,9,9,9,9,9,9,9,9,9,9,9,10,10,10,10,10,10,10,10,10,10,10,10,10,11,11,11,11,12,12,12,13,13,13,14,14,14,14,14,14,14,14,14,14,14,14,14,14,14,14,14,14,14,14,14,14,14,14,14,14,15,15,15,15,15,15,15,15,15,15,15,15,15,15,15,15,15,15,15,15,15,15,15,15,15,15,15,15,15,15,15,15,15,15,15,15,15,15,15,15,15,16,16,16,16,16,16,16,16,16,16,16,16,16,16,16,16,16,16,16,16,16,16,16,16,16,16,16,16,16,16,16,16,16,16,16,16,16,16,16,16,16,16,16,16,16,16,16,16,16,16,16,16,16,16,16,16,16,16,16,16,16,16,16,16,16,16,16,16,16,16,16,16,16,16,16,16,16,16,16,16,16,16,16,16,16,16,16,16,16,16,16,16,16,16,16,16,16,16,16,16,16,16,16,16,16,16,16,16,16,16,16,16,16,16,16,16,16,16,16,16,16,16,16,16,16,16,16,16,16,16,16,16,16,16,16,16,16,16,16,16,16,16,16,16,16,16,16,16,16,16,16,16,16,16,16,16,16,16,16,16,16,16,16,16,16,16,18,18,18,18,18,18,18,18,18,18,18,18,18,18,18,18,18,18,18,18,18,18,18,18,18,18,18,18,18,18,18,18,19,19,18,19,19,20,19,20,19,19,19,19,19,19,19,19,19,19,19,19,19,19,19,19,19,19,19,19,19,19,19,19,21,20,21,21,20,21,21,21,21,21,21,21,21,21,21,21,21,21,21,21,21,21,21,21,21,21,21,21,21,21,21,21,21,21
6013,Contra Costa County ,309290,445,455,466,472,483,490,497,505,509,517,526,531,539,549,558,561,565,572,576,587,593,596,604,608,614,622,631,638,642,652,659,663,667,672,680,685,690,694,700,704,708,708,712,716,717,721,725,729,730,732,733,733,734,737,741,748,751,751,753,757,760,760,763,764,764,766,766,768,770,770,774,774,774,775,776,778,779,779,779,780,781,781,781,781,781,781,782,782,783,783,785,785,786,787,787,788,789,789,790,792,792,792,794,795,797,798,798,798,798,798,798,799,800,802,802,804,804,804,804,806,806,806,806,806,806,807,808,808,808,808,809,809,809,810,811,811,811,811,812,812,812,813,813,815,815,816,818,819,819,819,819,820,820,821,821,821,821,821,821,821,821,822,822,822,822,822,822,822,822,822,823,823,823,823,823,823,824,824,824,824,824,824,825,825,825,825,825,826,826,827,827,827,829,829,830,831,832,833,834,834,835,837,837,837,837,837,838,838,840,842,845,847,848,849,849,850,850,850,850,850,850,850,850,850,850,850,850,850,850,850,850,850,855,855,855,861,870,870,870,870,870,869,875,875,884,884,884,890,890,899,903,903,903,907,907,907,912,912,912,912,923,923,923,923,923,923,923,923,923,928,928,932,932,932,936,936,936,952,957,957,957,959,959,959,959,994,994,994,994,994,1007,1007,1007,1007,1007,1016,1017,1017,1023,1023,1023,1024,1024,1024,1024,1024,1024,1024,1027,1027,1027,1027,1027,1027,1027,1037,1037,1037,1037,1037,1037,1042,1044,1044,1044,1044,1044,1044,1044,1045,1045,1045,1045,1055,1055,1055,1055,1057,1057,1057,1057,1057,1063,1060,1063,1063,1063,1063,1063,1067,1067,1067,1069,1069,1069,1070,1070,1071,1071,1071,1071,1071,1072,1072,1072
6015,Del Norte County ,5723,2,2,2,2,2,2,2,2,2,2,2,2,2,2,2,2,2,2,2,2,2,2,2,2,2,2,2,2,2,2,2,2,2,2,2,2,2,2,2,2,2,3,3,3,3,3,3,3,4,4,4,5,5,5,5,5,5,5,5,5,5,5,5,5,5,5,5,5,5,5,5,5,5,5,5,5,5,5,5,5,5,5,5,5,5,5,5,5,5,5,5,5,5,5,5,5,5,5,5,6,7,7,7,7,7,7,7,7,7,7,7,7,7,7,7,7,7,7,7,7,7,7,7,7,7,7,7,7,7,7,7,7,7,7,7,7,7,7,7,7,7,7,7,7,7,7,7,7,7,7,7,7,7,7,7,7,7,7,7,7,7,7,7,7,7,7,7,7,7,7,7,7,7,7,7,7,7,7,7,7,7,7,7,7,7,7,7,7,7,7,7,7,7,7,7,7,7,7,7,7,7,7,7,7,7,7,7,7,7,7,7,7,7,7,7,7,7,7,7,7,7,7,7,7,7,7,7,7,7,7,7,7,7,7,7,7,10,10,10,10,10,18,23,23,23,23,23,23,23,23,23,23,23,23,23,28,30,30,30,30,30,30,30,31,31,31,31,33,33,35,35,35,35,35,35,35,35,35,35,35,35,35,35,35,35,37,37,37,37,38,38,38,38,38,38,38,38,38,38,38,38,38,38,38,38,38,38,38,38,38,38,38,38,38,38,38,38,38,38,38,38,38,38,38,38,38,38,38,38,38,38,38,38,38,38,38,38,38,38,38,38,38,38,38,38,38,39,39,39,39,39,39,39,39,39,39,39,39,39,39,39,39,39,39,39
6017,El Dorado County ,44232,47,50,52,54,54,56,61,63,68,69,71,71,71,72,76,77,79,81,85,88,88,89,90,90,90,92,92,93,94,94,94,95,97,97,97,99,99,99,99,99,101,101,101,102,102,103,103,103,103,103,103,103,103,103,104,105,106,107,107,107,107,107,108,108,108,108,108,108,108,108,108,108,108,108,108,108,108,108,108,108,108,108,108,108,108,108,108,108,108,108,108,108,108,108,108,108,108,108,108,108,108,108,108,108,108,109,109,109,109,109,109,109,109,109,109,109,109,109,109,109,109,109,109,110,110,110,111,111,111,111,111,111,111,111,111,111,111,111,111,111,111,111,112,112,112,112,112,112,112,112,112,112,112,112,112,112,112,112,112,112,112,113,113,113,113,113,113,113,113,113,113,113,113,113,113,114,114,114,114,114,114,115,115,115,115,115,115,115,116,116,116,116,116,116,116,116,116,116,116,117,117,117,117,117,117,117,117,117,117,118,118,118,118,118,118,118,118,118,118,118,118,118,118,118,118,118,118,118,118,118,118,118,118,118,118,118,118,118,118,118,118,118,118,118,118,118,118,118,118,118,118,118,118,118,118,122,126,126,126,126,126,126,126,126,129,129,129,131,131,132,134,134,134,134,136,136,138,138,141,141,141,143,143,145,145,147,147,147,147,147,147,147,147,147,147,147,153,153,153,153,153,153,153,153,155,155,155,155,155,155,158,158,158,158,158,159,159,159,161,161,161,161,161,161,161,161,161,161,161,166,166,166,166,168,168,168,168,168,170,170,170,170,170,170,170,170,171,171,170,172,172,172,172,172,172,172,172,172,172,172,172,172,172,172,172
6019,Fresno County ,652020,963,983,995,1013,1026,1045,1068,1088,1110,1121,1137,1150,1166,1179,1193,1210,1224,1238,1251,1261,1268,1285,1296,1307,1317,1327,1345,1358,1366,1372,1383,1394,1401,1411,1419,1423,1438,1443,1451,1462,1470,1478,1487,1490,1499,1506,1516,1521,1532,1537,1550,1558,1560,1567,1573,1582,1585,1588,1590,1591,1595,1598,1601,1603,1606,1609,1613,1616,1619,1621,1622,1622,1624,1625,1626,1628,1631,1633,1636,1637,1640,1642,1643,1647,1648,1650,1651,1651,1652,1653,1654,1655,1656,1658,1659,1659,1660,1661,1663,1665,1668,1670,1673,1673,1674,1677,1678,1678,1678,1680,1680,1680,1680,1680,1682,1682,1683,1685,1686,1687,1688,1688,1688,1689,1691,1692,1696,1699,1700,1700,1700,1702,1705,1705,1705,1706,1706,1708,1709,1710,1710,1710,1712,1714,1716,1717,1717,1718,1718,1718,1719,1720,1720,1721,1721,1723,1723,1723,1724,1724,1724,1725,1725,1725,1726,1726,1726,1726,1729,1729,1729,1729,1730,1731,1731,1731,1731,1733,1733,1733,1733,1733,1733,1734,1736,1736,1736,1737,1738,1738,1738,1738,1738,1740,1742,1742,1742,1742,1743,1744,1744,1744,1744,1744,1744,1744,1744,1744,1747,1748,1749,1749,1750,1750,1753,1754,1755,1757,1758,1758,1758,1758,1758,1758,1758,1758,1758,1758,1758,1758,1758,1758,1758,1758,1760,1760,1773,1773,1773,1773,1789,1795,1796,1802,1803,1803,1803,1827,1827,1829,1836,1837,1837,1852,1852,1855,1866,1866,1866,1866,1887,1887,1890,1907,1926,1926,1926,1937,1938,1945,1956,1963,1963,1963,1977,1977,1986,2007,2017,2017,2017,2034,2034,2040,2041,2062,2062,2062,2062,2069,2081,2082,2082,2082,2093,2110,2123,2125,2129,2130,2130,2146,2148,2156,2165,2166,2168,2168,2176,2178,2194,2187,2200,2201,2201,2208,2209,2212,2220,2225,2225,2241,2241,2242,2242,2242,2245,2245,2245,2251,2251,2258,2262,2262,2263,2263,2269,2283,2292,2292,2292,2292,2309,2309,2309,2309,2318,2334,2334,2340,2340,2340,2357,2348,2357,2357,2363,2364,2364,2363,2363,2363,2378,2378,2378
6021,Glenn County ,7755,11,11,11,11,11,11,11,13,13,13,13,13,13,13,13,13,13,13,14,15,16,16,16,16,16,16,16,16,16,16,16,16,16,16,16,16,16,16,16,16,16,16,16,16,16,16,16,16,16,16,16,16,16,16,16,16,16,16,16,16,16,16,16,16,16,16,16,16,16,16,17,17,17,17,17,17,17,17,17,17,17,17,17,17,17,17,17,17,17,17,17,17,17,17,17,17,17,17,17,17,17,17,17,17,17,17,17,17,17,17,17,17,17,17,17,17,17,17,17,17,17,17,17,17,17,17,17,17,17,17,17,17,17,17,17,17,17,17,17,17,17,17,17,17,18,18,18,18,18,19,19,19,19,19,19,19,19,19,19,19,19,19,19,19,19,19,19,19,19,19,19,19,19,19,19,19,19,19,19,19,19,19,19,19,19,19,19,19,19,19,19,19,19,19,19,19,19,19,19,19,19,19,19,19,19,19,19,19,19,19,19,19,19,19,19,19,19,19,19,19,19,19,19,19,19,19,19,19,19,19,19,19,19,19,19,19,19,19,19,19,19,19,19,19,19,19,19,19,19,19,19,19,19,19,19,19,19,19,19,19,24,24,24,24,24,24,24,25,25,25,25,25,25,25,25,25,25,25,25,25,25,25,25,25,25,31,31,31,31,32,32,32,32,32,32,32,32,32,32,32,32,32,32,32,32,32,32,32,32,33,33,33,33,33,33,33,33,33,33,33,33,33,33,33,33,33,33,33,33,33,33,33,33,33,33,33,33,33,33,33,33,33,33,33,33,33,34,34,34,34,34,34,34,34,34,34,34,34,34,34,34,34,34,34,34
6023,Humboldt County ,20023,22,22,22,22,22,22,22,22,22,22,22,23,24,24,24,24,24,24,24,24,24,24,25,25,25,25,25,26,28,28,28,28,29,29,29,29,29,30,30,30,30,30,30,30,30,30,30,30,30,30,30,31,31,31,31,31,31,31,31,31,31,32,32,32,32,33,33,33,33,33,33,33,33,33,33,33,33,33,33,33,33,33,33,33,34,34,35,35,35,35,35,35,35,35,35,35,35,35,35,35,35,36,36,36,36,36,37,37,37,37,37,37,37,38,38,38,38,38,38,38,38,38,38,38,38,38,38,38,39,39,39,40,40,41,41,41,41,41,42,42,42,43,43,43,43,43,43,43,43,43,43,43,43,44,44,45,45,45,45,46,46,46,46,47,47,48,48,48,48,48,48,48,48,48,48,49,49,49,49,49,49,49,49,49,49,49,50,50,50,50,50,51,51,51,51,51,51,51,51,51,51,51,51,51,51,51,51,51,51,51,51,51,51,51,51,51,51,51,51,51,51,51,51,51,51,51,51,51,51,51,51,51,51,51,51,51,51,51,51,51,51,51,51,51,51,51,51,51,51,51,51,51,51,51,51,51,51,51,51,51,51,51,51,51,59,59,59,62,62,62,65,65,65,65,65,65,65,65,68,68,68,71,71,72,72,74,74,74,74,75,75,75,75,75,76,76,76,76,76,76,76,79,79,80,80,80,80,80,81,81,87,87,87,87,87,108,108,113,113,113,113,113,113,113,113,113,113,113,113,113,113,114,114,114,114,114,114,114,114,114,114,114,115,115,115,115,115,115,115,115,115,115,116,116,116,116,116,116,116,116,116,116,116,116,116
6025,Imperial County ,268279,515,521,526,534,539,549,554,563,568,578,586,595,599,604,609,614,616,621,626,632,635,640,647,651,659,663,669,674,675,680,681,682,685,691,696,698,700,700,700,703,704,705,706,708,709,709,710,712,714,716,717,717,717,719,720,720,722,723,723,723,723,723,723,723,724,724,724,724,724,724,725,725,725,725,725,726,726,726,727,727,728,728,728,729,730,730,730,730,730,730,732,732,732,732,732,732,732,732,732,732,732,732,732,732,732,732,732,732,732,732,732,733,733,733,733,733,733,733,734,734,734,734,734,734,734,734,734,734,734,734,735,736,736,736,736,736,738,739,740,740,740,740,740,740,740,740,740,740,740,740,741,741,741,742,742,742,742,742,742,742,742,742,742,742,742,742,742,742,742,742,742,742,742,742,742,742,742,743,743,743,743,743,743,743,743,743,743,743,743,743,743,743,743,744,744,744,744,744,744,744,744,744,744,744,745,745,745,745,745,745,745,745,745,745,745,745,745,745,746,746,746,746,746,746,746,746,746,746,746,747,747,747,748,748,748,748,750,750,750,750,750,750,750,751,751,751,751,751,751,751,751,751,751,751,751,751,753,753,753,753,755,755,755,755,755,755,755,756,756,757,757,757,757,757,757,757,759,760,760,760,760,762,762,762,762,764,764,764,764,764,766,766,766,766,766,766,766,766,766,766,766,766,766,766,766,766,766,766,766,766,766,766,766,766,766,766,766,766,766,766,766,766,766,766,766,766,769,769,769,773,773,773,776,776,776,776,778,778,778,782,782,782,787,787,787,787,788,790,790,792,792,792,800,800,800,800,800,800,800,800,800,800,800,800,800
6027,Inyo County ,14131,26,27,27,27,27,27,27,28,29,29,29,29,29,29,30,30,30,30,30,30,30,30,30,30,30,31,32,33,34,34,35,35,35,35,35,35,35,35,35,35,35,35,35,36,36,37,37,37,37,37,37,37,37,37,37,37,37,37,37,37,37,37,37,37,37,37,37,37,37,37,37,37,37,37,37,37,37,37,38,38,38,38,38,38,38,38,38,38,38,38,38,38,38,38,38,38,38,38,38,38,38,38,38,38,38,38,38,38,38,38,38,38,38,38,38,38,38,38,38,38,38,38,38,38,38,38,38,38,38,38,38,38,38,38,38,38,38,38,38,38,38,38,38,38,38,38,38,38,38,38,38,38,38,38,38,38,38,38,38,38,38,38,38,38,38,38,38,38,38,38,38,38,38,38,38,38,38,38,38,39,39,39,39,39,39,39,39,39,39,39,39,39,39,39,39,39,39,39,39,39,39,39,39,39,39,39,39,39,39,39,39,39,39,39,39,39,39,39,39,39,39,39,39,39,39,39,39,39,39,39,39,39,39,39,39,39,39,39,39,39,39,39,39,39,39,39,39,39,39,39,39,39,39,39,39,39,39,39,39,39,39,39,39,39,39,39,39,39,39,39,39,39,39,39,39,39,39,39,39,39,39,39,39,39,39,40,40,40,40,40,40,40,40,40,41,41,41,41,41,41,41,41,41,41,41,41,41,41,41,41,42,42,42,42,42,42,42,42,44,44,44,44,44,44,44,44,45,45,45,46,46,46,46,46,46,46,46,46,46,46,46,46,46,46,46,46,46,47,47,47,47,47,47,47,47,47,47,48,48,49,49,49,49,49,49
6029,Kern County ,504646,712,729,737,745,754,762,772,784,799,807,819,836,844,858,867,878,891,904,918,933,944,955,964,980,991,999,1011,1022,1031,1037,1053,1061,1070,1077,1086,1096,1102,1109,1113,1119,1126,1133,1140,1143,1147,1151,1154,1161,1166,1174,1176,1181,1184,1187,1191,1195,1199,1202,1209,1215,1217,1221,1225,1230,1234,1236,1239,1242,1244,1244,1247,1250,1255,1256,1256,1259,1264,1266,1268,1273,1274,1275,1276,1276,1277,1279,1283,1284,1287,1287,1289,1290,1292,1292,1294,1296,1296,1296,1298,1298,1298,1299,1302,1302,1305,1307,1308,1310,1310,1310,1310,1311,1312,1313,1313,1313,1314,1314,1314,1315,1315,1316,1316,1317,1317,1317,1317,1317,1317,1317,1318,1320,1320,1322,1322,1323,1323,1324,1324,1325,1325,1326,1326,1326,1326,1326,1326,1326,1326,1327,1327,1327,1328,1329,1329,1331,1332,1332,1333,1333,1333,1334,1334,1334,1334,1335,1337,1337,1337,1339,1339,1339,1339,1340,1340,1340,1340,1340,1340,1340,1340,1340,1341,1343,1343,1343,1344,1344,1344,1345,1346,1346,1346,1347,1348,1348,1350,1351,1351,1352,1352,1352,1352,1352,1352,1352,1354,1354,1354,1355,1356,1356,1358,1358,1359,1361,1362,1362,1362,1362,1363,1365,1365,1365,1366,1366,1366,1366,1366,1367,1367,1367,1371,1371,1371,1375,1381,1381,1381,1385,1385,1389,1396,1400,1400,1400,1400,1404,1404,1405,1410,1410,1410,1420,1420,1424,1430,1430,1430,1430,1454,1454,1463,1472,1479,1479,1479,1495,1496,1500,1507,1516,1516,1516,1526,1525,1532,1544,1552,1552,1552,1566,1566,1571,1571,1589,1589,1589,1590,1598,1609,1609,1609,1609,1620,1631,1632,1632,1628,1638,1638,1645,1646,1650,1662,1667,1667,1667,1676,1676,1695,1695,1695,1695,1695,1711,1711,1711,1723,1723,1723,1744,1744,1744,1744,1744,1755,1755,1755,1772,1772,1772,1788,1800,1801,1801,1801,1816,1828,1828,1828,1828,1828,1845,1845,1845,1846,1848,1853,1863,1864,1869,1881,1876,1883,1883,1883,1885,1883,1888,1888,1888,1890,1890,1890
6031,Kings County ,96542,131,131,135,137,138,143,145,146,148,151,155,157,158,160,161,161,163,163,167,170,171,174,177,179,180,183,184,187,189,192,196,198,198,199,201,201,204,206,208,210,212,212,213,215,215,217,218,219,221,222,224,225,225,225,227,230,231,231,232,232,232,232,233,233,233,235,235,235,235,235,235,235,236,236,237,237,237,238,238,239,239,240,241,241,241,241,241,241,242,242,242,242,242,242,242,242,242,242,242,242,242,242,242,242,242,242,242,242,242,242,242,242,242,242,242,242,242,242,242,242,242,242,242,242,242,242,242,242,242,242,242,242,242,242,242,243,243,243,243,243,243,243,243,243,243,243,243,244,244,244,244,244,244,244,244,244,244,244,244,244,244,244,244,244,244,244,244,244,244,244,244,244,244,244,244,244,244,244,244,244,244,244,244,244,244,244,244,245,245,245,245,245,245,245,245,245,245,245,245,245,245,245,246,247,247,247,248,248,248,249,249,249,249,250,250,251,251,251,251,252,252,252,253,253,255,255,255,255,255,255,255,255,256,256,257,256,256,256,256,258,258,259,262,262,262,262,262,262,266,266,270,272,272,274,275,278,279,279,279,279,284,285,290,292,292,293,293,293,297,295,298,300,300,300,300,303,301,308,307,308,308,308,308,312,312,313,314,314,316,319,322,322,322,322,325,334,334,335,336,335,337,337,337,338,339,342,342,341,342,344,345,345,345,345,345,348,348,349,352,352,350,355,353,356,358,358,358,358,358,363,363,362,364,364,367,367,367,369,371,371,372,371,372,371,371,372,374,374,374,377,376,376,379,379,379,379,381,386,386,386,386,386,386,386,387
6033,Lake County ,26460,31,31,32,33,33,33,34,34,36,37,38,41,42,42,42,43,43,44,45,45,45,45,45,47,47,47,47,48,48,48,48,49,49,49,49,50,50,50,50,50,50,50,50,50,50,51,53,53,53,53,53,53,53,54,54,54,54,54,55,55,55,55,55,55,55,55,55,55,55,55,55,55,55,55,55,55,56,56,56,56,56,56,56,56,56,56,56,56,56,56,56,56,56,56,56,56,56,56,57,58,58,58,58,58,58,59,59,59,59,59,59,59,59,59,59,59,59,59,59,59,59,60,60,60,60,60,60,60,60,60,60,60,60,60,61,61,61,61,61,61,61,61,61,61,61,62,62,62,62,62,62,62,62,62,62,62,62,62,62,62,62,62,62,62,62,62,62,62,62,62,62,62,62,62,62,62,62,62,62,62,62,62,62,62,62,62,62,62,62,62,62,62,63,63,63,63,63,63,63,63,63,63,63,63,63,63,63,63,63,64,64,64,65,65,65,66,66,66,66,66,67,67,68,68,68,68,68,68,69,69,69,69,69,69,72,74,74,74,74,74,74,74,77,78,78,78,78,78,78,79,79,79,79,80,80,81,84,84,84,84,86,86,89,92,91,91,91,94,94,94,96,96,96,96,96,96,96,96,96,96,96,96,96,96,96,103,103,103,103,103,103,103,103,103,104,104,104,104,104,105,104,105,105,105,105,105,105,105,105,105,106,106,105,105,106,108,108,109,109,109,109,109,109,109,109,109,109,109,109,109,109,109,109,112,112,112,112,112,112,113,113,113,113,114,114,114,114,114,114,115,115,115,115,115,115,115,115,115,115,115,116,116,116,116,116
6035,Lassen County ,8860,11,11,12,12,12,12,12,12,12,12,12,13,13,13,13,13,16,16,16,16,16,16,16,16,16,16,16,16,16,16,16,16,16,17,17,17,17,17,17,18,18,18,18,18,18,18,18,18,18,18,18,18,18,18,18,18,18,18,18,18,18,18,18,18,18,18,18,18,18,18,18,18,18,18,18,18,18,18,18,18,18,18,18,18,18,18,18,18,18,18,18,18,18,18,18,18,18,18,18,18,18,18,18,18,18,18,18,18,18,18,18,18,18,18,18,18,18,18,18,18,18,18,18,18,18,18,18,18,18,18,18,18,18,18,18,18,18,18,18,18,18,18,18,18,18,18,18,18,18,18,18,18,18,18,18,18,18,18,18,18,18,18,18,18,18,19,19,19,19,19,19,19,19,19,19,19,19,19,19,19,19,19,19,19,19,19,19,19,19,19,19,19,19,19,19,19,19,19,19,19,19,19,19,19,19,19,19,19,19,19,19,19,19,19,19,19,19,19,19,19,19,19,19,19,19,19,19,19,19,19,19,19,19,19,19,19,19,19,19,19,19,19,19,19,19,19,19,19,19,23,23,23,23,23,23,23,23,23,23,23,23,23,23,23,23,23,23,23,23,23,23,23,23,23,23,23,23,23,23,23,23,23,23,23,23,24,24,24,24,25,25,25,25,25,25,40,40,40,40,40,40,40,40,43,44,44,44,44,44,44,44,45,45,45,45,45,45,45,45,45,45,45,45,45,45,45,45,45,45,49,49,49,49,49,49,49,49,49,53,53,53,53,53,53,53,53,53,53,53,53,53,53,53,53,53,53,53,53,53,53,53,53,53,53,53
6037,Los Angeles County ,8849979,12470,12746,13000,13276,13572,13853,14157,14436,14728,15033,15334,15632,15924,16185,16467,16766,17017,17281,17530,17747,17991,18212,18431,18636,18803,19041,19229,19395,19584,19761,19944,20109,20295,20449,20611,20748,20915,21034,21165,21317,21441,21564,21710,21822,21912,22007,22100,22206,22299,22399,22498,22569,22649,22726,22784,22855,22926,22996,23059,23136,23193,23246,23294,23341,23383,23419,23456,23493,23526,23563,23591,23630,23667,23693,23708,23736,23766,23801,23827,23860,23881,23901,23916,23936,23956,23976,23996,24010,24023,24038,24049,24062,24073,24079,24094,24109,24119,24135,24147,24159,24170,24177,24182,24191,24204,24214,24222,24229,24239,24245,24251,24263,24271,24278,24286,24290,24299,24307,24311,24317,24321,24326,24332,24337,24343,24351,24356,24361,24370,24378,24381,24391,24399,24406,24412,24415,24420,24425,24427,24435,24442,24445,24450,24456,24461,24465,24467,24476,24479,24484,24488,24492,24492,24496,24499,24502,24506,24511,24512,24513,24515,24521,24527,24528,24531,24534,24534,24538,24539,24543,24544,24546,24548,24549,24551,24555,24558,24561,24564,24570,24574,24581,24584,24588,24594,24598,24602,24607,24612,24615,24621,24626,24631,24634,24638,24643,24649,24652,24658,24662,24670,24675,24682,24692,24706,24713,24721,24727,24738,24741,24753,24757,24765,24772,24783,24792,24806,24816,24831,24848,24864,24883,24904,24914,24927,24945,24958,24964,24979,25014,25017,25017,25084,25093,25128,25161,25208,25222,25227,25258,25266,25297,25336,25376,25380,25380,25380,25474,25482,25483,25578,25579,25579,25627,25693,25726,25760,25764,25764,25764,25849,25854,25886,25923,25953,25958,25958,26028,26034,26061,26063,26117,26121,26121,26172,26181,26216,26245,26274,26275,26275,26333,26333,26357,26357,26423,26393,26438,26438,26460,26494,26500,26501,26501,26501,26574,26589,26594,26613,26618,26620,26464,26474,26486,26501,26523,26529,26529,26565,26569,26597,26604,26604,26610,26610,26653,26670,26690,26709,26715,26716,26779,26787,26795,26789,26796,26813,26813,26813,26869,26873,26900,26914,26922,26943,26948,26982,26987,27004,27008,27012,27014,27060,27068,27070,27070,27100,27125,27129,27172,27179,27205,27229,27237,27242,27249,27253,27298,27306,27325,27318,27319,27345,27345,27385
6039,Madera County ,89818,154,155,155,156,158,158,159,161,163,165,166,167,169,171,174,175,177,177,177,177,180,183,184,185,185,185,187,189,189,190,191,192,194,196,197,198,200,202,202,203,203,204,208,211,211,211,211,213,214,217,221,222,222,222,222,222,222,222,223,223,223,223,223,224,224,224,226,226,227,228,228,229,230,230,230,230,231,231,231,231,231,231,231,231,231,231,231,231,231,231,231,232,232,232,233,233,233,233,233,233,234,234,234,234,234,234,234,235,235,235,235,235,235,236,236,236,237,237,237,237,237,237,237,238,238,238,238,238,238,238,238,238,238,239,239,239,239,239,239,239,240,240,240,240,240,240,240,240,240,240,240,240,240,240,240,240,240,240,240,240,240,240,240,240,240,240,240,240,240,240,240,240,240,240,240,241,241,241,241,241,241,241,242,243,243,243,243,244,244,244,244,244,244,244,244,244,244,245,245,245,245,245,245,245,245,245,245,245,245,245,245,245,245,245,245,245,245,245,245,245,245,245,245,245,245,245,245,245,245,245,245,245,245,245,246,246,246,246,246,246,246,246,246,246,246,246,246,248,248,251,251,251,251,251,251,253,256,256,256,256,256,256,261,261,261,261,261,261,261,265,265,265,265,265,265,265,268,268,270,270,270,271,271,276,276,276,276,276,276,280,280,280,280,280,280,280,282,282,282,282,282,282,282,286,286,286,286,286,286,286,286,286,286,286,286,286,286,286,286,286,286,295,295,295,295,295,295,295,295,306,306,306,306,306,306,306,306,306,309,309,309,309,309,309,309,309,311,311,311,311,311,318,318,318,318,318,318,318,318,318,318,318,318,318,318
6041,Marin County ,83992,159,160,161,164,165,165,166,166,167,168,170,172,174,175,177,178,183,183,184,186,188,190,190,192,195,196,197,198,200,200,202,204,205,206,206,206,207,208,209,209,209,209,209,209,209,210,210,210,210,210,211,211,211,211,211,211,212,212,212,212,213,214,214,214,215,215,215,215,215,216,216,216,216,216,216,216,216,217,219,220,221,222,223,224,225,225,225,225,225,225,225,225,225,226,227,227,227,228,229,229,229,229,229,229,229,229,229,230,230,230,230,230,230,230,230,230,230,230,230,230,230,230,230,230,230,230,230,230,230,230,230,230,230,231,231,231,231,232,232,232,232,232,232,232,232,232,232,232,232,232,232,233,233,233,233,233,233,233,233,233,233,233,233,233,233,233,233,233,233,234,234,235,236,236,236,236,236,236,236,236,236,236,236,236,237,237,237,237,237,237,237,237,238,238,238,238,238,238,238,238,238,238,239,239,239,239,239,239,239,239,239,239,239,239,239,239,239,239,239,239,239,239,239,239,239,239,239,239,239,239,239,239,239,239,239,239,239,239,239,239,239,239,239,241,241,241,241,242,242,242,242,242,242,242,242,242,242,242,242,242,242,242,242,242,242,242,242,242,242,242,242,242,242,242,242,242,242,242,242,242,242,242,242,242,242,243,243,243,244,244,244,244,244,244,244,244,247,247,247,247,247,247,247,247,247,247,247,247,247,247,247,247,247,247,247,247,248,248,248,248,248,248,248,248,248,248,248,248,248,249,249,249,249,249,249,249,249,249,249,249,249,249,249,249,249,249,249,249,249,249,249,249,249,249,249,249,249,249,249,249,249,249,249,249,251
6043,Mariposa County ,1025,1,1,1,1,1,1,1,1,1,1,1,1,1,1,1,1,1,1,1,1,1,1,1,1,1,2,2,2,2,2,2,2,2,2,2,2,2,2,2,2,2,2,2,2,2,3,3,3,3,3,3,3,3,3,3,3,3,3,3,3,3,3,3,3,3,3,3,3,3,3,3,3,3,3,3,3,3,3,3,3,3,3,3,3,3,3,3,3,3,3,3,3,3,3,3,3,3,3,3,3,3,3,3,3,3,3,3,3,3,3,3,3,3,3,3,3,3,3,3,3,3,3,3,3,3,3,3,3,3,3,3,3,3,3,3,3,3,3,3,3,3,3,3,3,3,3,3,3,3,3,3,3,3,3,3,3,3,3,3,3,3,3,3,3,3,3,3,3,3,3,3,3,3,3,3,3,3,3,3,3,3,3,3,3,3,3,3,3,3,3,3,3,3,3,3,3,3,3,3,3,3,3,3,3,3,3,3,3,3,3,3,3,3,3,3,3,3,3,3,3,3,3,3,3,3,3,3,3,3,3,3,3,3,3,3,3,3,3,3,3,3,3,3,3,3,3,3,3,3,3,3,3,3,3,3,3,3,3,3,3,3,3,3,3,3,3,3,3,3,3,3,3,3,3,3,3,3,3,3,3,3,3,3,3,3,3,3,3,3,3,3,3,3,3,3,3,3,3,3,3,3,3,3,3,3,3,3,3,3,3,3,3,3,3,3,3,3,3,3,3,3,3,3,3,3,3,3,3,3,3,3,3,3,3,3,3,3,3,3,3,3,3,3,3,3,3,3,3,3,3,3,3,3,3,3,3,3,3,3,3,3,3,3,3,3
6045,Mendocino County ,21150,27,28,30,30,30,30,30,30,30,30,30,31,31,31,31,34,34,35,35,35,35,35,35,35,36,36,36,36,36,37,37,38,38,38,38,38,38,38,38,39,39,39,39,39,39,39,39,40,40,41,41,41,42,42,42,42,42,42,43,43,43,43,43,43,43,43,43,43,43,44,44,44,44,44,44,45,45,45,45,45,45,45,45,45,45,45,46,46,46,46,46,46,46,46,46,46,46,46,46,46,46,46,46,46,46,46,46,46,46,46,46,46,46,46,46,46,46,47,47,47,47,47,47,47,47,47,47,48,48,48,48,48,48,48,48,48,48,48,48,48,48,48,48,48,48,48,48,48,48,48,48,48,48,48,48,49,49,49,49,49,49,49,49,49,49,49,49,49,49,49,49,49,49,49,49,49,49,49,49,49,49,49,49,49,49,49,49,49,49,49,49,49,49,49,49,49,49,49,49,49,49,49,49,49,49,49,49,49,49,49,49,49,49,49,49,49,50,50,50,50,51,51,51,51,51,51,51,51,51,51,51,51,51,51,52,53,55,55,55,55,55,59,59,61,61,61,61,61,61,61,61,61,61,61,61,65,66,66,66,66,67,67,67,70,73,74,74,74,74,78,78,78,78,78,79,79,79,81,81,81,81,81,81,82,82,82,82,82,82,82,82,82,82,82,82,82,84,84,84,84,84,84,84,84,84,84,85,85,85,85,89,89,89,89,89,89,89,89,89,89,89,89,89,89,89,89,89,89,89,89,89,89,90,91,91,91,95,95,95,95,95,95,95,95,95,95,95,95,95,95,96,97,98,98,98,98,98,98,98,99,99,99,101,101,101
6047,Merced County ,178004,262,265,267,270,275,279,282,285,288,288,291,291,295,297,301,305,306,308,313,318,324,326,329,331,333,335,343,346,349,352,353,355,357,358,361,361,364,366,367,368,372,375,377,377,382,383,383,384,385,386,388,391,391,395,395,398,398,399,400,400,401,403,404,405,405,407,408,409,412,412,415,417,418,418,421,421,422,423,424,424,424,425,425,426,428,429,429,431,431,431,432,433,435,436,436,436,436,436,438,438,438,438,438,441,442,442,442,442,443,444,444,444,444,444,444,444,444,444,444,445,446,446,447,449,449,450,452,453,453,454,454,454,454,454,456,458,458,458,458,458,458,458,458,458,459,459,459,459,459,460,460,462,463,463,464,464,465,465,465,465,465,465,466,466,466,466,466,466,466,467,467,467,468,468,468,468,468,468,468,468,468,468,469,469,469,469,469,469,469,470,470,470,470,470,470,470,470,471,472,472,472,473,473,473,473,473,473,473,473,473,474,474,474,475,475,475,475,475,475,475,477,477,477,477,478,478,479,479,481,483,483,483,485,485,486,489,492,492,492,494,494,495,496,505,505,505,505,510,510,513,513,513,513,518,518,523,525,526,526,526,532,533,536,538,542,543,543,545,545,548,549,549,549,549,555,555,559,560,562,562,562,563,563,564,564,574,574,576,576,576,577,578,578,578,578,578,580,580,580,583,583,586,591,592,593,599,600,601,604,604,608,642,643,643,643,648,648,653,653,654,653,659,659,660,660,660,664,664,664,667,667,668,670,670,671,671,672,672,678,674,680,680,681,682,682,682,685,685,686,686,687,687,688,689,689,689,690,690,690,690,692,691,691,694,696
6049,Modoc County ,1631,0,0,0,0,0,0,1,2,2,2,2,2,2,2,2,2,2,2,2,2,2,2,2,4,4,4,4,4,4,4,4,4,4,4,4,4,4,4,4,4,4,4,4,4,4,4,4,4,4,4,4,4,4,4,4,4,4,4,4,4,4,4,4,4,4,4,4,4,4,4,4,4,4,4,4,4,4,4,4,4,4,4,4,4,4,4,4,4,4,4,4,4,4,4,4,4,4,4,4,4,4,4,4,4,4,4,4,4,4,4,4,4,4,4,4,4,4,4,4,4,4,4,4,4,4,4,4,4,4,4,4,4,4,4,4,4,4,4,4,4,4,4,4,4,4,4,4,4,4,4,4,4,4,4,4,4,4,4,4,4,4,4,4,4,4,4,4,4,4,4,4,4,4,4,4,4,4,4,4,5,5,5,5,5,5,5,5,5,5,5,5,5,5,5,5,5,5,5,5,5,5,5,5,5,5,5,5,5,5,5,5,5,5,5,5,5,5,5,5,5,5,5,6,6,6,6,6,6,6,6,6,6,6,6,5,5,5,5,5,5,5,5,5,5,5,5,5,5,5,5,5,5,5,5,5,5,5,5,5,5,5,5,5,5,5,5,5,5,5,5,5,5,5,5,5,5,5,5,5,5,5,5,5,5,5,5,5,5,5,5,5,5,5,5,5,5,5,5,5,5,5,5,5,5,5,5,5,5,5,5,5,5,5,5,5,5,5,5,5,5,5,5,5,5,5,5,5,5,5,5,5,5,5,6,6,6,6,6,6,6,6,6,6,6,6,6,6,6,6,6,6,6,6,6,6,6,6,6,6,6,6,6,6,6,6
6051,Mono County ,1157,3,3,3,3,3,3,3,3,3,3,3,3,3,3,3,3,3,3,3,3,3,3,3,3,3,3,3,3,3,3,3,3,3,3,3,3,3,3,3,3,3,3,3,3,3,3,3,3,3,3,3,3,3,3,3,3,3,3,3,3,3,3,3,3,3,3,3,3,3,3,3,3,3,3,3,3,3,3,3,3,3,3,3,3,3,3,3,3,3,3,3,3,3,3,3,3,3,3,3,3,3,3,3,3,3,3,3,3,3,3,3,3,3,3,3,3,3,3,3,3,3,3,3,3,3,3,3,3,3,3,3,3,3,3,3,3,3,3,3,3,3,3,3,3,3,3,3,3,3,3,3,3,3,3,3,3,3,3,3,3,3,3,3,3,3,3,3,3,3,3,3,3,3,3,3,3,3,3,3,3,3,3,3,3,3,3,3,3,3,3,3,3,3,3,3,3,3,3,3,3,3,3,3,3,3,3,3,3,3,3,3,3,3,3,3,3,3,3,3,3,3,3,3,3,3,3,3,3,3,3,3,3,3,3,3,3,3,3,3,3,3,3,3,3,3,3,3,3,3,3,3,3,3,3,3,3,3,3,3,3,3,3,3,3,3,3,3,3,3,3,3,3,3,3,3,3,3,3,3,3,3,3,3,3,3,3,3,3,3,3,3,3,3,3,3,3,3,3,3,3,3,3,3,4,4,4,4,4,4,4,4,4,4,4,4,4,4,4,4,4,4,4,4,4,4,4,4,4,4,4,4,4,4,4,4,4,4,4,4,4,4,4,4,4,4,4,4,4,4,4,4,4,4,4,4,4,4,4,4,4,4,4,4,4,4
6053,Monterey County ,193758,256,262,267,272,281,294,301,305,312,318,327,332,342,348,353,361,368,377,384,389,394,397,402,409,413,420,424,429,434,438,441,446,450,451,457,459,465,468,472,476,478,479,479,480,481,485,486,489,493,495,498,498,500,501,502,502,502,503,503,503,503,503,504,505,506,507,507,507,507,507,508,511,511,512,512,512,512,512,512,512,512,512,513,516,517,517,518,518,518,519,519,519,519,519,519,519,520,520,521,521,521,522,522,522,522,522,522,522,522,522,522,522,522,522,522,522,522,522,522,522,522,522,522,523,523,523,523,523,523,524,524,524,524,524,524,524,524,524,524,524,524,524,524,524,524,524,524,525,525,525,525,525,525,525,525,525,525,525,525,525,525,525,525,525,525,525,525,525,525,525,525,525,525,525,525,525,525,525,525,525,525,525,525,525,525,525,525,525,525,525,525,525,525,525,525,525,526,526,526,526,526,526,526,526,527,527,528,528,529,529,529,530,530,530,530,530,530,530,530,530,530,530,530,530,530,531,531,532,532,538,538,538,538,538,539,539,539,539,539,539,539,539,539,539,539,539,539,541,543,554,556,556,556,558,558,558,562,562,562,562,565,565,565,566,567,567,567,571,571,571,571,571,571,571,571,571,573,577,577,577,577,580,580,582,582,583,583,583,583,583,587,587,587,587,586,587,588,588,588,588,588,596,597,597,601,602,602,602,602,602,608,608,608,608,608,608,608,608,608,608,608,610,608,610,610,610,624,624,624,626,626,626,626,626,626,626,626,626,631,631,631,631,631,631,631,631,635,635,635,636,636,637,637,638,638,638,639,639,639,641,641,641,641,643,643
6055,Napa County ,29428,28,29,30,31,32,32,32,36,36,36,38,40,42,43,44,45,45,46,48,48,48,49,52,52,53,56,57,57,58,59,60,61,62,62,63,64,65,65,65,65,65,65,65,66,67,67,67,68,68,68,68,68,68,68,68,70,71,72,73,73,73,74,74,74,74,74,74,74,74,75,75,75,75,75,75,75,75,75,75,75,75,75,75,75,75,75,75,75,75,75,75,75,75,75,75,75,75,75,75,75,75,75,75,75,75,75,75,75,75,75,75,75,75,75,77,77,77,77,77,77,77,77,77,77,77,77,78,78,78,78,78,78,78,78,78,78,78,78,78,78,78,78,78,78,78,78,78,78,78,78,78,78,78,79,79,79,79,79,79,79,79,79,79,79,79,79,79,79,79,79,79,79,79,79,80,80,80,80,80,80,80,80,80,80,80,80,80,80,80,80,80,80,80,80,80,80,80,80,80,80,80,81,81,81,81,81,81,81,81,81,81,81,81,81,81,82,82,82,82,82,82,82,82,82,82,82,82,82,82,82,82,82,84,84,84,84,84,84,84,84,84,85,85,85,85,85,85,86,86,86,86,86,86,87,87,87,91,91,91,91,91,91,91,91,91,91,91,91,91,91,92,92,92,92,92,92,92,92,92,92,92,92,92,92,93,96,96,96,96,96,96,96,96,96,96,96,97,97,97,97,97,97,97,100,99,100,99,99,99,99,99,99,99,99,99,99,99,99,99,99,99,99,100,100,100,100,100,100,100,100,100,100,102,102,102,103,103,103,103,103,103,103,103,103,103,103,103,103,103,103,103,103,103,103,103,103,103,103,103,103,103,103,103,103,103
6057,Nevada County ,28865,57,57,57,60,60,62,62,64,65,66,66,66,66,66,66,67,67,67,67,67,67,67,67,67,67,67,68,69,69,69,69,69,69,69,69,69,69,69,69,70,70,70,70,70,70,70,70,70,70,70,70,70,70,70,70,70,70,70,70,70,70,70,70,70,70,70,70,70,70,70,70,70,70,70,70,70,70,70,70,70,70,70,70,70,70,70,70,70,70,70,71,71,71,71,71,71,71,71,71,71,71,71,71,71,71,71,71,71,71,71,71,71,71,71,71,71,71,71,71,71,71,71,71,71,71,71,71,71,71,71,71,71,71,71,71,71,71,71,71,71,72,72,72,72,72,72,72,72,72,72,72,72,72,72,72,72,72,72,72,72,72,72,72,72,73,73,73,73,73,73,73,73,73,73,73,73,73,73,73,73,73,73,73,73,73,73,73,73,73,73,73,73,73,73,73,73,74,74,74,74,74,74,74,74,74,75,75,75,75,75,75,76,76,76,76,76,76,76,76,76,76,76,76,76,76,76,76,76,76,77,77,77,77,77,77,77,82,82,82,82,82,82,82,82,82,82,82,82,82,82,82,82,82,83,83,83,84,84,84,84,84,84,84,84,84,84,84,84,84,84,87,87,87,87,90,90,90,90,90,90,90,90,90,89,89,90,90,90,90,90,90,90,90,90,90,90,90,90,91,90,91,91,91,91,91,91,91,91,92,92,92,92,92,92,92,92,92,92,92,92,92,95,95,95,95,95,102,102,102,105,105,105,105,105,105,105,105,105,106,106,106,106,106,106,106,106,107,108,108,109,109,110,110,110,110,110,110,110,110,110,110,110,110,110,110
6059,Orange County ,1861215,2688,2741,2809,2877,2937,3006,3069,3130,3176,3222,3281,3337,3391,3442,3488,3545,3599,3654,3704,3759,3813,3872,3919,3956,3995,4022,4066,4107,4141,4185,4227,4256,4296,4337,4369,4403,4433,4462,4485,4508,4534,4563,4586,4613,4639,4660,4681,4694,4709,4730,4747,4761,4778,4789,4799,4819,4830,4842,4860,4872,4886,4902,4914,4928,4940,4952,4957,4964,4974,4981,4991,4995,5000,5007,5015,5017,5022,5027,5028,5032,5035,5040,5044,5049,5054,5057,5059,5060,5063,5066,5071,5073,5073,5073,5073,5076,5077,5079,5082,5084,5087,5089,5090,5092,5094,5096,5098,5099,5102,5104,5106,5107,5109,5109,5110,5110,5110,5111,5111,5112,5112,5112,5112,5113,5113,5114,5115,5115,5115,5118,5119,5121,5122,5123,5123,5123,5127,5127,5127,5127,5128,5128,5128,5128,5129,5129,5131,5131,5133,5134,5134,5135,5136,5136,5136,5137,5137,5138,5139,5139,5139,5139,5139,5139,5140,5141,5143,5143,5143,5143,5144,5144,5144,5145,5145,5145,5147,5147,5149,5150,5150,5150,5151,5151,5151,5151,5151,5151,5151,5151,5152,5152,5152,5152,5152,5152,5152,5152,5152,5153,5154,5155,5155,5156,5158,5159,5159,5160,5162,5163,5163,5164,5164,5165,5167,5168,5168,5168,5168,5168,5168,5168,5168,5168,5168,5168,5168,5168,5168,5172,5172,5172,5181,5181,5187,5193,5205,5205,5205,5223,5223,5228,5232,5239,5239,5239,5239,5274,5274,5290,5299,5299,5299,5312,5312,5319,5328,5328,5328,5328,5354,5354,5354,5366,5374,5374,5374,5408,5408,5421,5429,5435,5435,5435,5447,5438,5441,5441,5457,5457,5457,5499,5499,5499,5499,5523,5523,5523,5523,5526,5533,5533,5533,5533,5545,5573,5583,5583,5587,5587,5587,5595,5595,5595,5606,5606,5606,5610,5615,5615,5631,5631,5620,5631,5631,5645,5645,5650,5650,5650,5650,5661,5661,5661,5661,5661,5661,5663,5663,5691,5691,5722,5733,5746,5722,5746,5769,5769,5793,5793,5781,5793,5820,5820,5820,5820,5836,5843,5836,5850,5850,5850,5861,5861,5861,5861,5873,5880,5880,5885,5885,5885,5888,5888,5892
6061,Placer County ,121651,180,184,187,188,193,196,198,200,203,205,208,213,215,217,218,221,222,226,229,233,233,238,240,240,241,241,244,247,249,251,253,254,255,256,256,260,262,263,264,264,265,265,270,270,271,272,274,275,275,275,275,277,279,279,279,280,281,282,283,283,283,283,283,283,283,284,284,284,284,284,284,284,284,285,285,286,286,286,287,287,287,288,288,288,288,288,288,288,288,288,289,290,291,291,291,293,293,293,293,293,293,293,294,294,294,294,294,294,294,294,294,294,294,295,295,295,295,296,296,296,296,297,297,298,298,298,298,298,298,298,298,298,298,298,298,298,299,300,300,300,301,301,301,301,301,301,301,301,301,301,301,302,302,302,302,302,302,302,302,302,303,303,303,303,303,303,303,303,303,303,303,303,303,303,303,304,304,304,304,304,304,304,304,304,304,304,304,304,304,304,304,304,304,304,304,305,306,306,306,306,306,306,306,307,307,308,308,308,308,308,308,308,308,308,309,309,309,309,309,310,311,311,311,311,311,311,311,312,312,313,313,313,314,314,318,319,320,320,320,319,319,325,330,330,330,330,330,337,337,337,342,342,342,343,343,350,352,352,352,352,364,364,365,367,367,367,367,370,370,370,379,379,379,379,379,379,379,390,393,393,393,404,404,404,404,420,420,420,420,422,424,425,425,425,426,431,434,434,434,434,434,434,435,437,438,438,438,438,439,439,440,440,440,440,440,451,452,459,459,460,460,464,464,464,464,464,467,467,467,469,469,469,471,471,471,472,472,472,473,472,477,477,481,481,481,481,482,485,485,485,485,486,487,489,489,489,489,489,489,489,489,489,489,489,489
6063,Plumas County ,2114,4,4,4,4,5,5,5,5,5,5,5,5,5,5,5,5,5,5,5,5,5,5,5,5,5,5,5,5,5,5,5,5,5,5,5,5,5,5,5,5,5,5,5,5,5,5,5,5,5,5,5,5,5,5,5,5,5,5,5,5,5,5,5,5,5,5,5,5,5,5,5,5,5,5,5,5,5,5,5,5,5,5,5,5,5,5,5,5,5,5,5,5,5,5,5,5,5,5,5,5,5,5,5,5,5,5,5,5,5,5,5,5,5,5,5,5,5,5,5,5,5,5,5,5,5,5,5,5,5,5,5,5,5,5,5,5,5,5,5,5,5,5,5,5,5,5,5,5,5,5,5,5,5,5,5,5,5,5,5,5,5,5,5,5,5,5,5,5,5,5,5,5,5,5,5,5,5,5,5,5,5,5,5,5,5,5,5,5,5,5,5,5,5,5,5,5,5,5,5,5,5,5,5,5,5,5,5,5,5,5,5,5,5,5,5,5,5,5,5,5,5,5,5,5,5,5,5,5,5,5,5,5,5,5,5,5,5,5,5,5,5,5,5,5,5,5,5,5,5,5,5,5,5,5,5,5,5,5,5,5,5,5,5,5,5,5,5,6,6,6,6,6,6,6,6,6,6,6,6,6,6,6,6,6,6,6,6,6,6,6,6,6,6,6,6,6,6,6,6,6,6,6,6,6,6,6,6,6,6,6,7,6,7,7,7,7,7,7,7,7,7,7,7,7,7,7,7,7,7,7,7,7,7,7,7,7,9,9,12,12,12,12,12,12,12,12,12,13,13,12,12,12,12,12,12,12,12,12,12,12,12,12,12,12,12
6065,Riverside County ,1658269,2468,2504,2550,2595,2649,2691,2738,2788,2843,2888,2926,2976,3035,3090,3138,3190,3233,3269,3321,3368,3411,3465,3500,3544,3577,3604,3636,3677,3706,3743,3769,3800,3841,3868,3899,3925,3958,3982,4005,4019,4040,4061,4077,4100,4115,4132,4147,4162,4180,4193,4205,4221,4237,4248,4256,4264,4272,4280,4289,4305,4311,4320,4323,4328,4334,4336,4343,4351,4358,4365,4373,4381,4383,4388,4392,4393,4397,4400,4401,4407,4407,4408,4411,4416,4417,4420,4422,4423,4428,4430,4433,4435,4435,4437,4438,4439,4439,4442,4446,4449,4449,4450,4453,4454,4454,4455,4458,4459,4459,4462,4462,4463,4464,4465,4465,4466,4467,4469,4471,4472,4473,4473,4475,4475,4476,4477,4478,4481,4481,4481,4482,4483,4488,4488,4489,4490,4493,4494,4496,4500,4501,4501,4501,4502,4502,4503,4504,4504,4505,4506,4508,4509,4509,4509,4509,4509,4509,4509,4509,4510,4511,4512,4513,4513,4514,4514,4515,4516,4517,4517,4517,4517,4517,4517,4517,4517,4518,4518,4518,4518,4518,4518,4518,4518,4519,4519,4519,4519,4520,4520,4522,4522,4522,4522,4523,4523,4524,4526,4526,4526,4526,4527,4531,4532,4532,4533,4533,4535,4536,4536,4536,4536,4541,4541,4543,4546,4547,4547,4548,4548,4549,4550,4550,4550,4550,4550,4551,4551,4551,4555,4555,4555,4559,4563,4569,4575,4587,4587,4587,4588,4588,4592,4599,4609,4609,4609,4609,4631,4631,4648,4666,4666,4666,4696,4696,4713,4734,4734,4734,4734,4767,4767,4767,4795,4808,4808,4808,4829,4829,4839,4851,4860,4860,4860,4889,4888,4907,4918,4930,4930,4930,4938,4938,4938,4938,4973,4973,4973,4973,4985,4995,4995,4995,4995,5006,5021,5045,5045,5045,5053,5053,5069,5080,5081,5081,5103,5103,5096,5117,5117,5125,5140,5125,5125,5140,5164,5164,5173,5194,5173,5194,5247,5230,5248,5248,5248,5248,5271,5271,5322,5322,5322,5333,5345,5345,5345,5352,5352,5361,5368,5368,5368,5372,5378,5378,5378,5402,5403,5402,5416,5403,5429,5432,5434,5434,5434,5434,5434,5434,5450,5450,5450,5464,5464,5468
6067,Sacramento County ,655689,1056,1066,1079,1089,1099,1114,1122,1140,1146,1155,1164,1174,1182,1189,1199,1216,1224,1235,1247,1261,1267,1278,1291,1306,1315,1321,1332,1336,1341,1352,1358,1368,1377,1385,1391,1399,1407,1415,1422,1430,1440,1445,1451,1454,1460,1465,1469,1478,1481,1486,1492,1496,1502,1506,1508,1510,1513,1516,1520,1522,1524,1527,1532,1533,1537,1545,1546,1549,1551,1553,1553,1555,1559,1562,1564,1566,1570,1572,1573,1574,1575,1577,1577,1578,1580,1580,1581,1584,1585,1587,1588,1590,1590,1590,1591,1592,1592,1595,1595,1595,1595,1597,1600,1601,1603,1603,1605,1605,1607,1611,1613,1615,1615,1615,1618,1622,1623,1624,1625,1627,1629,1632,1635,1635,1637,1638,1640,1641,1642,1643,1644,1645,1645,1646,1646,1648,1648,1649,1650,1653,1655,1656,1656,1657,1659,1659,1659,1660,1660,1662,1663,1664,1667,1668,1669,1669,1669,1670,1670,1672,1673,1673,1674,1674,1675,1676,1677,1677,1678,1679,1679,1680,1681,1683,1683,1683,1683,1685,1685,1686,1688,1690,1691,1691,1691,1692,1694,1694,1694,1695,1696,1700,1703,1705,1706,1706,1709,1709,1713,1714,1716,1721,1723,1723,1727,1732,1733,1735,1736,1738,1738,1740,1746,1748,1751,1755,1757,1758,1763,1765,1769,1773,1774,1777,1778,1778,1778,1778,1778,1790,1790,1790,1799,1801,1805,1816,1829,1829,1829,1840,1840,1852,1861,1870,1870,1870,1870,1899,1899,1915,1915,1922,1922,1956,1956,1967,1967,1974,1974,1974,2012,2012,2022,2033,2042,2042,2042,2058,2062,2062,2085,2098,2098,2098,2111,2115,2121,2133,2156,2156,2156,2167,2167,2168,2168,2200,2200,2200,2201,2210,2216,2216,2216,2216,2227,2229,2228,2228,2232,2232,2232,2234,2237,2248,2254,2260,2260,2260,2269,2273,2284,2284,2284,2284,2284,2292,2291,2294,2294,2300,2300,2320,2320,2323,2323,2323,2329,2329,2329,2330,2330,2347,2352,2355,2355,2355,2355,2361,2367,2370,2370,2367,2387,2387,2387,2387,2394,2394,2402,2412,2413,2415,2416,2416,2416,2416,2416,2420,2420,2434,2420,2434,2442,2442,2449
6069,San Benito County ,21991,29,30,31,33,34,35,36,38,38,38,38,38,39,40,41,42,42,42,42,43,45,45,46,47,47,48,48,49,49,49,50,51,51,52,53,53,53,53,53,53,53,53,53,53,53,53,54,54,54,54,55,55,56,56,56,56,57,57,58,58,58,58,58,58,58,58,58,58,58,58,58,58,58,58,58,58,58,58,58,58,58,58,58,58,58,58,58,58,59,59,59,59,59,60,60,60,60,60,60,60,60,60,60,60,60,60,60,60,60,60,60,60,60,60,60,60,60,60,60,60,60,60,60,60,60,60,60,60,60,60,60,60,60,60,60,60,60,60,60,60,60,60,60,60,60,60,60,60,60,60,60,60,60,60,60,60,60,60,60,60,60,60,60,60,60,60,60,60,60,60,60,60,60,60,60,60,60,60,60,60,60,60,60,60,60,60,60,60,60,60,60,60,60,60,60,60,60,60,60,60,60,60,60,60,60,60,60,60,60,60,60,60,60,60,60,60,60,60,60,60,60,60,60,60,60,60,60,60,60,60,60,60,60,60,60,60,60,60,60,60,60,60,60,60,60,60,60,60,60,60,60,60,60,60,60,60,63,63,63,63,63,63,63,63,63,63,63,63,63,65,65,65,65,65,65,65,65,65,65,65,65,65,65,65,65,65,65,65,65,65,65,65,65,65,65,65,65,65,65,65,65,67,67,69,69,69,69,69,69,69,70,70,70,70,70,71,71,71,71,71,71,71,71,71,71,71,71,71,71,71,71,72,72,72,72,72,72,72,72,72,72,72,72,72,72,72,72,72,72,72,72,72,72,72,72,72,72,72,72,72,72,72,72,72,72
6071,San Bernardino County ,1887935,2826,2884,2939,2992,3058,3121,3178,3248,3312,3373,3420,3475,3540,3591,3644,3703,3767,3820,3855,3906,3953,3986,4033,4062,4097,4137,4174,4215,4251,4294,4318,4344,4383,4416,4430,4455,4488,4511,4537,4561,4588,4611,4636,4663,4682,4706,4723,4742,4761,4772,4789,4796,4809,4817,4828,4840,4849,4859,4869,4880,4890,4894,4901,4910,4918,4926,4933,4944,4950,4955,4958,4963,4968,4969,4971,4978,4982,4987,4990,4997,4997,5002,5004,5008,5012,5022,5023,5026,5032,5037,5042,5047,5050,5053,5054,5062,5065,5066,5069,5073,5079,5084,5088,5092,5095,5096,5097,5101,5103,5104,5108,5112,5113,5113,5115,5118,5120,5123,5124,5127,5129,5130,5133,5135,5137,5138,5140,5141,5143,5144,5144,5146,5150,5154,5156,5156,5156,5157,5159,5161,5163,5167,5168,5171,5173,5175,5179,5179,5181,5183,5184,5184,5184,5185,5185,5185,5187,5189,5192,5194,5194,5195,5195,5198,5199,5201,5203,5203,5204,5206,5210,5210,5211,5213,5213,5213,5213,5214,5215,5218,5218,5222,5223,5223,5224,5226,5228,5230,5231,5232,5233,5233,5233,5237,5240,5241,5243,5244,5245,5245,5246,5246,5246,5247,5248,5248,5248,5248,5248,5249,5249,5250,5251,5253,5255,5255,5255,5255,5256,5256,5258,5259,5259,5259,5259,5259,5259,5259,5259,5273,5273,5273,5279,5279,5283,5290,5298,5298,5298,5302,5302,5304,5315,5322,5315,5315,5315,5350,5359,5363,5363,5368,5368,5390,5392,5415,5420,5420,5420,5420,5454,5458,5471,5478,5488,5488,5488,5491,5490,5489,5489,5496,5496,5496,5505,5506,5512,5506,5511,5511,5511,5502,5502,5514,5514,5546,5546,5546,5556,5573,5608,5608,5608,5608,5633,5691,5705,5705,5720,5720,5720,5749,5754,5752,5752,5752,5752,5752,5769,5772,5784,5784,5784,5784,5784,5831,5833,5836,5828,5828,5828,5849,5849,5853,5853,5853,5853,5867,5867,5895,5895,5905,5912,5922,5922,5922,5938,5938,5951,5952,5952,5952,5957,5952,5957,5957,5958,5963,5963,5968,5969,5971,5979,5983,5986,5986,5991,5992,5992,5993,5992,5992,5996,5996,6001
6073,San Diego County ,1371945,1808,1853,1881,1921,1948,1987,2026,2069,2103,2139,2176,2224,2265,2312,2356,2414,2454,2503,2539,2581,2624,2659,2693,2729,2769,2801,2835,2875,2906,2938,2968,3004,3048,3075,3102,3133,3156,3181,3199,3227,3242,3277,3292,3310,3331,3348,3372,3392,3409,3419,3433,3451,3467,3480,3498,3506,3520,3533,3541,3550,3558,3569,3582,3590,3594,3602,3609,3614,3621,3624,3631,3632,3634,3640,3645,3652,3655,3657,3660,3666,3668,3671,3672,3677,3679,3683,3685,3687,3689,3693,3695,3696,3697,3698,3699,3700,3700,3702,3704,3707,3709,3709,3711,3713,3718,3718,3719,3721,3723,3725,3728,3731,3733,3734,3734,3736,3737,3740,3742,3744,3745,3746,3746,3746,3746,3748,3749,3749,3750,3750,3751,3751,3751,3751,3753,3753,3753,3754,3755,3756,3757,3757,3758,3760,3762,3762,3762,3762,3762,3767,3767,3768,3769,3771,3772,3772,3773,3773,3774,3774,3775,3776,3776,3776,3776,3777,3779,3780,3780,3781,3782,3782,3782,3784,3785,3785,3785,3785,3785,3785,3786,3786,3786,3787,3788,3788,3788,3788,3788,3789,3789,3790,3790,3790,3790,3791,3792,3793,3796,3797,3797,3797,3797,3799,3799,3799,3799,3800,3802,3802,3803,3803,3808,3809,3811,3814,3816,3817,3819,3820,3823,3825,3825,3827,3828,3830,3831,3834,3834,3839,3839,3839,3848,3848,3851,3859,3875,3877,3877,3880,3885,3888,3908,3909,3909,3909,3909,3922,3922,3926,3929,3929,3929,3942,3961,3966,3983,3983,3983,3983,4006,4009,4021,4027,4027,4039,4039,4051,4051,4054,4066,4078,4078,4078,4081,4090,4092,4092,4111,4111,4111,4113,4113,4137,4124,4151,4163,4163,4169,4170,4178,4178,4178,4178,4183,4196,4198,4198,4213,4213,4213,4218,4232,4218,4241,4246,4246,4246,4250,4259,4272,4272,4272,4272,4272,4280,4284,4287,4287,4301,4301,4311,4311,4317,4317,4317,4319,4319,4319,4325,4325,4340,4346,4350,4346,4350,4351,4351,4368,4369,4369,4369,4378,4378,4378,4378,4395,4395,4399,4406,4412,4424,4438,4439,4434,4442,4445,4450,4450,4460,4461,4461,4469,4469,4476
6075,City and County of San Francisco,204433,260,264,273,277,280,281,287,295,302,306,311,317,323,331,340,345,354,356,358,364,368,376,385,388,391,394,396,399,406,411,413,423,425,428,430,438,446,451,453,457,463,472,473,480,484,485,491,496,496,501,502,503,503,506,509,512,512,513,514,514,514,514,516,518,518,520,520,520,521,522,523,523,523,524,524,524,524,525,525,526,528,529,529,532,533,534,536,536,536,536,536,536,537,537,537,537,537,537,537,537,538,538,538,538,538,539,539,539,539,540,540,540,540,541,541,542,543,545,545,546,546,546,546,546,546,546,548,549,549,549,549,549,550,550,550,550,550,550,550,550,550,550,550,551,551,551,551,551,551,551,551,551,551,551,551,554,554,554,554,555,555,555,556,556,556,556,556,556,556,556,556,556,556,556,556,556,556,556,556,556,556,556,556,557,557,557,557,557,557,557,557,558,558,558,559,559,559,560,560,560,561,561,561,562,562,562,562,563,563,563,563,565,565,565,565,566,567,567,567,567,567,567,567,567,567,567,567,568,568,571,571,571,573,573,574,578,580,581,581,581,581,581,584,587,584,587,587,589,589,589,597,597,597,603,603,603,605,605,605,605,605,605,609,610,615,615,615,622,622,627,629,634,634,634,638,638,641,641,643,643,643,643,643,643,643,644,644,644,644,645,646,646,646,646,649,649,655,655,661,661,661,661,661,663,663,663,663,663,666,666,666,666,666,666,666,667,667,667,667,667,667,669,669,669,669,669,669,669,669,669,669,672,672,674,674,674,674,674,674,677,677,677,678,678,678,678,679,679,679,681,681,681,682,682,682,682,682,682,682,682,682,682,682,682,686
6077,San Joaquin County ,541518,840,851,865,878,888,907,927,934,943,951,965,976,990,1001,1013,1026,1037,1046,1054,1063,1077,1087,1097,1103,1109,1122,1129,1134,1147,1154,1160,1162,1173,1183,1191,1197,1201,1209,1212,1217,1223,1231,1237,1243,1248,1253,1257,1263,1271,1276,1287,1294,1294,1297,1299,1302,1303,1305,1314,1315,1316,1323,1325,1330,1333,1334,1336,1340,1343,1347,1348,1348,1348,1351,1353,1354,1357,1357,1360,1361,1364,1364,1364,1364,1364,1365,1365,1366,1368,1371,1371,1372,1372,1373,1374,1374,1374,1375,1375,1378,1379,1380,1382,1384,1384,1385,1388,1389,1390,1392,1392,1393,1395,1397,1398,1400,1401,1402,1402,1402,1402,1403,1404,1405,1405,1407,1408,1410,1410,1413,1413,1414,1418,1418,1420,1421,1421,1422,1423,1424,1425,1425,1426,1426,1428,1428,1428,1429,1429,1429,1429,1429,1429,1429,1431,1432,1433,1433,1434,1437,1437,1437,1437,1437,1438,1440,1440,1441,1443,1443,1443,1443,1443,1443,1444,1444,1444,1444,1445,1445,1445,1446,1446,1446,1446,1446,1446,1446,1449,1452,1452,1453,1453,1453,1453,1454,1454,1454,1454,1454,1455,1455,1457,1458,1459,1461,1464,1466,1468,1472,1473,1473,1474,1477,1482,1484,1484,1484,1487,1489,1489,1489,1490,1490,1490,1490,1490,1490,1490,1490,1490,1490,1497,1498,1507,1509,1523,1523,1523,1527,1527,1539,1539,1539,1539,1539,1539,1547,1547,1560,1569,1569,1569,1580,1580,1595,1606,1606,1606,1606,1614,1614,1620,1620,1627,1627,1627,1632,1632,1638,1644,1645,1644,1645,1648,1648,1650,1657,1668,1668,1668,1680,1680,1689,1689,1707,1720,1720,1720,1720,1720,1720,1720,1720,1720,1739,1752,1747,1767,1752,1767,1771,1771,1771,1775,1781,1781,1775,1793,1793,1798,1798,1798,1793,1798,1798,1798,1806,1827,1827,1827,1832,1832,1832,1832,1832,1832,1832,1832,1833,1833,1833,1833,1834,1834,1834,1836,1836,1838,1840,1840,1840,1845,1845,1845,1845,1852,1857,1857,1864,1864,1864,1871,1871,1871,1871,1875,1882,1882,1890,1875,1890,1901,1901,1902
6079,San Luis Obispo County ,100221,111,114,119,122,124,129,135,137,138,143,150,152,156,159,163,167,171,172,177,181,186,186,192,195,197,200,204,205,209,210,214,217,220,221,223,224,225,225,226,229,229,231,232,234,236,238,239,239,239,239,239,239,240,241,243,243,244,245,245,246,246,247,248,248,248,248,248,248,248,249,249,249,249,249,249,249,249,250,250,250,250,250,250,250,251,252,253,253,253,253,253,253,253,253,253,253,253,253,253,253,253,253,253,253,253,253,253,253,254,254,254,254,254,254,254,254,254,254,254,254,255,255,255,255,255,255,255,255,255,255,255,255,255,255,255,255,255,255,255,255,255,255,255,255,255,255,255,255,255,255,255,255,255,255,255,255,255,255,255,255,255,255,255,255,255,255,255,255,255,255,255,255,255,255,255,255,255,256,256,256,256,256,257,258,258,258,258,258,258,258,258,258,259,259,259,259,259,259,259,259,259,260,260,260,260,260,260,260,260,260,261,262,262,262,263,263,263,263,264,264,265,265,265,266,266,266,266,267,270,271,271,271,274,274,274,276,279,280,280,280,280,282,283,283,283,283,283,286,287,294,296,296,296,299,300,304,305,306,306,306,313,313,314,315,317,318,318,319,320,321,322,322,323,323,323,323,323,323,324,324,324,326,326,326,326,330,330,331,331,332,332,332,332,332,333,335,339,340,341,341,341,343,343,347,347,348,347,349,349,349,350,350,350,350,350,350,350,350,353,354,353,354,355,356,356,356,356,356,356,356,356,359,359,359,359,359,359,359,360,360,360,360,362,362,362,362,362,364,364,365,365,365,365,365,365,365,365,365,365,365,365,365,365,365,365
6081,San Mateo County ,191130,256,260,263,269,279,284,294,300,308,319,327,332,341,345,354,356,362,374,381,391,394,399,404,410,417,419,425,429,436,438,440,443,447,454,455,459,463,464,469,474,475,478,483,483,486,487,487,487,489,491,492,495,495,496,497,498,498,498,501,502,503,505,505,505,505,507,508,508,508,508,508,509,509,509,510,512,513,513,514,515,517,517,517,517,517,518,518,518,518,518,519,519,521,521,522,523,524,524,524,524,524,524,524,524,525,525,525,525,525,527,527,527,527,527,527,527,528,528,528,528,528,528,528,528,528,528,528,528,528,529,529,529,531,531,531,531,531,532,532,532,532,533,533,533,533,533,533,533,534,534,534,535,535,535,535,535,536,536,536,536,536,536,536,536,536,536,536,536,536,536,536,536,536,536,536,536,536,536,536,536,536,536,536,536,536,537,538,539,540,540,540,540,540,540,540,540,540,540,540,540,540,540,540,540,540,540,540,540,540,540,540,541,541,541,541,541,541,542,542,543,543,543,543,543,543,543,543,543,543,543,543,543,545,545,545,545,545,545,545,546,546,548,550,550,550,550,550,553,553,553,553,553,553,556,556,556,556,556,556,556,559,559,560,560,560,560,560,563,563,563,565,565,565,565,561,561,561,561,561,561,561,561,561,561,561,563,563,563,563,563,563,563,563,563,563,563,563,563,563,563,563,563,563,563,563,566,566,566,566,566,566,566,566,566,566,569,569,570,570,570,570,570,570,570,570,570,570,570,570,572,572,572,572,572,572,572,572,573,573,573,573,573,573,573,573,573,573,573,573,574,574,574,574,574,574,574,574,575,574,574,574,574,574,574,575
6083,Santa Barbara County ,167594,183,184,190,195,203,209,211,216,220,223,235,243,245,253,258,267,271,275,286,289,294,298,303,306,310,317,322,325,332,336,347,351,356,361,367,370,376,381,383,384,390,395,395,400,402,405,406,409,411,414,416,416,419,420,420,421,423,425,426,426,427,427,429,431,432,432,433,433,433,435,435,435,435,435,435,436,438,439,439,440,440,440,441,441,441,442,443,443,444,444,445,445,445,445,445,445,445,446,446,446,447,447,448,448,448,448,448,448,449,449,449,450,450,450,450,451,451,451,451,452,452,452,452,452,452,452,452,452,452,452,452,452,452,452,452,452,452,452,452,452,452,452,452,452,453,453,453,453,453,453,453,453,454,455,455,455,455,455,457,457,457,458,458,458,458,458,458,458,458,458,459,459,459,460,460,460,460,460,460,460,460,460,460,460,461,461,461,461,461,461,461,462,462,464,464,464,465,465,465,465,465,466,466,467,467,468,469,469,469,469,470,470,470,470,470,470,471,471,471,472,472,474,474,474,474,474,474,474,474,476,476,476,477,477,477,477,479,479,479,480,480,480,482,484,484,484,484,487,487,488,488,488,488,492,492,493,495,493,495,495,498,498,501,502,503,503,503,503,503,503,505,506,506,506,509,509,509,511,512,512,512,513,513,513,513,520,520,520,520,520,520,521,521,521,521,523,525,525,526,525,526,527,527,529,529,530,530,530,530,530,532,532,531,532,532,537,537,537,539,540,540,542,544,544,544,544,546,546,546,547,547,551,552,552,552,552,552,553,555,554,555,555,558,558,558,558,560,560,560,560,560,562,565,565,565,565,566,566,566,566,566,566,566,566,568
6085,Santa Clara County ,628006,877,910,929,954,967,985,1000,1016,1033,1058,1070,1093,1119,1136,1153,1178,1198,1219,1238,1258,1276,1288,1305,1321,1335,1346,1359,1375,1389,1403,1407,1418,1435,1445,1462,1474,1484,1489,1498,1503,1514,1526,1538,1547,1552,1557,1565,1569,1578,1583,1588,1596,1601,1605,1611,1613,1616,1624,1628,1630,1634,1636,1637,1640,1644,1646,1647,1650,1653,1658,1663,1667,1668,1669,1670,1671,1673,1676,1678,1679,1680,1683,1685,1687,1690,1690,1691,1692,1695,1695,1695,1695,1697,1699,1704,1705,1706,1707,1709,1709,1711,1712,1712,1713,1713,1715,1716,1717,1717,1717,1718,1718,1719,1719,1720,1721,1722,1723,1726,1727,1727,1727,1727,1730,1731,1732,1733,1735,1735,1735,1735,1735,1735,1736,1736,1737,1737,1737,1737,1738,1738,1738,1739,1739,1739,1739,1740,1740,1741,1742,1743,1743,1743,1743,1744,1744,1745,1745,1746,1747,1748,1749,1749,1749,1750,1750,1750,1750,1750,1750,1751,1751,1751,1751,1751,1751,1751,1751,1752,1752,1752,1752,1752,1752,1752,1752,1752,1752,1753,1753,1753,1753,1753,1753,1753,1753,1753,1753,1753,1753,1754,1754,1754,1754,1755,1756,1756,1756,1756,1757,1757,1758,1758,1758,1758,1759,1759,1759,1759,1760,1760,1761,1761,1761,1761,1761,1761,1761,1761,1762,1762,1762,1766,1766,1766,1768,1771,1771,1771,1777,1777,1781,1784,1785,1785,1785,1785,1794,1794,1797,1797,1802,1802,1808,1808,1816,1820,1821,1821,1821,1830,1830,1832,1833,1833,1833,1833,1841,1842,1847,1848,1850,1850,1850,1858,1858,1858,1859,1860,1860,1860,1868,1868,1868,1868,1881,1881,1883,1883,1885,1884,1884,1884,1884,1885,1889,1890,1890,1890,1890,1890,1894,1895,1894,1895,1891,1891,1892,1892,1896,1895,1895,1898,1898,1898,1911,1912,1912,1912,1912,1912,1915,1915,1915,1915,1915,1915,1915,1915,1915,1915,1915,1915,1915,1915,1915,1929,1929,1932,1932,1932,1932,1933,1940,1940,1940,1940,1940,1940,1944,1946,1946,1955,1956,1956,1946,1956,1957,1957,1957,1957,1957,1957,1957,1958
6087,Santa Cruz County ,73835,106,107,107,108,112,113,117,117,118,120,120,124,128,129,130,132,136,139,146,148,149,151,152,157,158,161,162,162,163,164,164,166,166,166,166,167,168,170,171,172,174,176,177,178,182,182,187,187,188,189,189,189,189,191,192,192,192,193,193,193,195,195,196,197,197,197,197,197,198,199,199,200,200,200,201,201,201,201,201,201,201,201,201,201,201,201,201,202,202,202,202,202,202,202,202,202,203,203,204,204,204,204,204,204,204,204,204,204,204,205,205,205,205,205,205,205,205,205,205,205,205,205,205,205,205,205,205,205,206,206,206,206,206,206,206,206,206,206,206,206,206,206,206,206,206,206,206,206,206,206,206,206,207,207,207,207,207,207,207,207,207,207,207,207,207,207,207,207,207,207,207,207,207,207,207,207,207,207,207,207,207,207,207,207,207,207,207,207,207,207,207,207,207,207,207,207,207,207,207,207,207,207,207,207,207,207,207,207,207,207,207,207,207,207,209,209,209,209,209,209,209,209,209,209,209,209,209,209,209,209,209,209,209,209,209,210,210,210,210,210,210,210,210,210,210,210,210,210,210,210,210,210,210,210,210,210,210,210,210,210,211,211,212,214,214,214,214,214,214,214,214,214,214,214,214,216,216,217,217,217,217,217,217,217,217,218,218,218,218,218,219,219,219,219,219,221,221,221,221,221,221,221,221,222,222,222,222,222,222,222,222,222,222,222,222,223,223,222,222,222,222,222,222,222,222,222,222,222,222,224,224,224,224,224,224,224,224,224,224,224,224,224,225,225,225,225,225,225,225,227,227,228,228,228,228,228,228,228,228,228,228,228,228,228,228
6089,Shasta County ,87157,106,113,114,117,119,122,123,124,128,133,134,135,138,140,143,143,144,147,149,150,152,152,153,153,155,155,156,157,159,161,161,161,161,162,163,163,163,163,165,165,166,166,166,166,166,166,166,166,166,166,168,168,168,172,173,173,174,174,175,175,175,175,175,175,176,177,177,177,178,179,180,180,180,180,180,182,182,184,184,184,184,185,185,185,186,186,186,186,186,186,187,188,189,190,190,190,190,190,190,190,190,191,191,191,191,191,191,192,194,194,195,196,196,196,196,196,196,196,196,197,197,197,197,197,198,198,198,198,198,198,198,198,199,200,200,200,200,200,200,200,200,200,200,200,200,200,201,201,202,202,202,202,202,202,202,202,202,202,202,202,202,202,202,202,202,202,202,202,203,203,203,203,204,204,205,206,206,206,206,206,206,206,206,206,206,206,206,207,208,208,208,208,208,209,209,209,209,209,209,209,209,209,209,210,210,210,211,212,212,212,212,212,212,212,212,212,212,212,212,213,213,213,213,213,213,213,213,213,213,214,214,214,216,216,216,216,216,216,216,217,217,220,220,223,224,224,224,226,226,234,238,238,238,243,243,245,250,250,250,250,258,258,258,260,262,262,262,265,266,267,268,269,269,269,278,278,283,285,289,289,289,294,294,300,300,311,311,311,312,316,319,316,319,319,320,325,329,330,331,331,331,337,337,340,340,343,344,344,351,351,360,361,360,361,361,370,370,375,378,378,378,389,389,389,389,389,392,392,392,395,395,397,404,408,405,410,412,412,414,415,415,415,421,421,421,421,422,422,423,424,424,424,425,425,427,427,427,428,429,429,430,430,430,430,434
6091,Sierra County ,0,0,0,0,0,0,0,0,0,0,0,0,0,0,0,0,0,0,0,0,0,0,0,0,0,0,0,0,0,0,0,0,0,0,0,0,0,0,0,0,0,0,0,0,0,0,0,0,0,0,0,0,0,0,0,0,0,0,0,0,0,0,0,0,0,0,0,0,0,0,0,0,0,0,0,0,0,0,0,0,0,0,0,0,0,0,0,0,0,0,0,0,0,0,0,0,0,0,0,0,0,0,0,0,0,0,0,0,0,0,0,0,0,0,0,0,0,0,0,0,0,0,0,0,0,0,0,0,0,0,0,0,0,0,0,0,0,0,0,0,0,0,0,0,0,0,0,0,0,0,0,0,0,0,0,0,0,0,0,0,0,0,0,0,0,0,0,0,0,0,0,0,0,0,0,0,0,0,0,0,0,0,0,0,0,0,0,0,0,0,0,0,0,0,0,0,0,0,0,0,0,0,0,0,0,0,0,0,0,0,0,0,0,0,0,0,0,0,0,0,0,0,0,0,0,0,0,0,0,0,0,0,0,0,0,0,0,0,0,0,0,0,0,0,0,0,0,0,0,0,0,0,0,0,0,0,0,0,0,0,0,0,0,0,0,0,0,0,0,0,0,0,0,0,0,0,0,0,0,0,0,0,0,0,0,0,0,0,0,0,0,0,0,0,0,0,0,0,0,0,0,0,0,0,0,0,0,0,0,0,0,0,0,0,0,0,0,0,0,0,0,0,0,0,0,0,0,0,0,0,0,0,0,0,0,0,0,0,0,0,0,0,0,0,0,0,0,0,0,0,0,0,0,0,0,0,0,0,0,0,0,0,0,0,0,0
6093,Siskiyou County ,10918,9,10,10,10,10,10,10,10,10,10,10,10,10,10,10,10,10,10,10,10,10,10,10,10,10,10,10,10,10,10,10,10,10,10,10,10,10,10,10,10,10,10,10,10,10,10,10,10,10,10,10,10,10,10,11,11,11,11,11,11,11,11,11,11,11,11,11,11,11,11,11,13,13,13,13,13,13,13,13,13,13,13,13,13,13,13,14,14,14,14,14,14,14,14,14,14,14,14,14,14,14,14,15,15,15,15,15,15,15,15,15,15,15,15,15,15,15,15,15,15,15,15,15,15,16,16,17,17,18,19,19,19,19,21,21,22,22,22,22,23,23,24,24,24,25,26,28,28,28,28,28,28,28,28,28,28,29,29,30,30,30,30,30,32,32,32,32,32,32,32,32,32,32,32,32,32,32,32,32,32,33,33,33,33,33,33,33,33,33,33,33,33,33,33,33,33,33,33,33,33,33,33,33,33,33,33,33,33,33,33,33,33,33,33,33,33,33,33,33,33,33,33,33,33,33,33,33,33,33,33,33,33,33,33,33,33,33,33,33,33,33,33,34,34,34,34,34,34,34,35,35,35,35,35,35,35,35,35,35,35,35,35,36,41,41,41,41,42,42,42,42,42,42,42,42,42,42,42,42,42,42,42,42,42,42,42,42,42,42,46,46,46,46,46,46,46,46,46,46,46,46,46,46,46,46,48,48,48,50,49,52,52,52,53,53,54,54,54,54,54,54,54,54,54,54,54,54,54,54,55,55,55,55,55,57,57,57,57,57,57,57,57,57,57,57,57,58,58,58,59,59,59,59,59,59,60,60,60,60,61,60,61,61,61,61
6095,Solano County ,100250,138,139,143,145,147,149,150,153,156,156,157,162,163,168,170,173,174,178,179,180,184,186,190,194,194,197,198,201,206,207,212,214,215,219,221,222,224,226,227,229,229,230,233,234,234,235,235,236,236,236,236,239,239,240,240,240,240,241,241,242,243,243,245,246,247,247,248,249,249,249,249,249,249,249,249,249,249,249,249,249,250,250,250,250,250,251,251,251,251,251,251,251,251,251,251,251,251,251,251,251,251,251,251,251,252,252,252,253,253,254,254,254,254,254,254,254,254,254,254,254,254,254,254,254,255,255,255,255,255,255,255,255,255,256,256,256,256,256,256,256,256,257,257,257,257,257,257,257,257,257,257,257,257,257,257,257,257,257,257,257,257,257,257,257,257,257,257,257,257,257,257,257,257,257,257,257,257,258,258,258,258,258,258,258,258,258,258,258,258,258,258,258,258,258,258,258,258,258,258,258,258,258,258,258,258,258,258,259,259,259,259,259,259,260,260,260,260,261,261,261,263,263,263,264,266,266,266,266,267,269,269,269,278,278,278,280,283,283,283,286,286,285,289,290,290,290,290,296,296,299,300,300,300,303,303,303,308,308,308,308,309,309,308,308,309,309,309,311,311,312,318,317,317,317,319,319,322,325,325,325,325,325,325,325,325,330,331,334,334,335,335,335,335,335,335,337,339,339,339,339,339,344,344,344,345,344,344,344,344,344,344,344,344,344,344,345,345,345,347,347,345,350,350,350,350,350,350,350,350,350,350,352,352,353,354,354,354,354,358,358,358,358,358,358,358,358,360,361,360,363,363,363,369,370,370,370,371,371,371,372,371,372,372,372,373
6097,Sonoma County ,121595,201,203,207,207,208,214,215,217,220,225,227,228,231,234,236,238,242,243,244,245,249,250,251,252,255,257,258,259,260,262,267,268,272,274,274,275,275,275,275,277,281,286,290,292,292,293,293,294,295,295,295,295,296,298,299,299,299,300,300,300,301,302,303,304,305,306,308,308,308,308,308,308,308,308,308,308,308,308,308,308,308,308,308,308,309,309,309,309,309,309,309,309,309,309,309,309,309,310,310,310,310,310,310,310,311,311,311,311,311,311,311,311,312,313,313,313,313,313,313,313,313,313,313,313,313,313,313,313,313,313,313,313,313,313,313,313,313,313,313,313,313,314,314,314,314,314,314,314,314,314,314,314,314,314,314,314,315,315,315,315,315,315,315,315,315,315,315,316,316,316,316,316,316,316,316,316,316,317,317,317,317,318,320,320,320,320,321,322,322,323,324,325,325,326,327,327,328,328,328,328,328,328,328,328,328,328,329,330,331,331,331,331,332,333,333,333,333,333,333,333,333,333,333,333,333,333,333,333,333,336,336,336,336,336,336,336,342,342,342,352,352,352,352,352,352,352,352,358,358,360,360,360,360,368,368,369,369,369,369,369,369,369,369,369,369,369,369,370,370,370,370,382,382,382,381,381,383,383,387,387,387,390,390,390,390,390,390,392,392,392,393,393,393,393,393,393,393,393,393,393,393,395,395,395,395,395,395,395,395,395,395,395,395,395,395,401,401,401,403,403,403,403,403,403,403,403,404,404,404,404,404,404,404,404,404,404,404,404,404,404,404,404,406,406,406,406,406,406,406,406,406,406,406,406,406,406,406,409,409,409,409,409,409,409,409
6099,Stanislaus County ,376897,662,668,671,680,690,695,698,707,715,722,729,733,741,745,750,754,757,763,770,776,780,786,793,796,799,804,808,811,815,818,822,828,831,837,844,853,859,864,868,870,873,875,879,881,885,887,891,892,893,899,901,905,907,908,912,913,915,915,917,917,919,921,922,924,927,928,928,932,934,937,939,939,939,939,942,944,947,949,949,951,953,954,955,958,960,962,963,963,964,964,967,970,970,971,972,973,974,975,976,976,976,977,977,978,979,981,981,981,984,984,986,986,986,986,988,991,993,996,996,996,996,997,997,999,1000,1000,1001,1003,1003,1003,1003,1004,1004,1005,1006,1006,1008,1008,1010,1010,1010,1010,1010,1010,1012,1015,1015,1015,1015,1016,1016,1016,1016,1016,1016,1016,1016,1017,1017,1017,1017,1018,1018,1018,1018,1018,1020,1020,1020,1020,1021,1021,1022,1023,1023,1024,1025,1028,1028,1028,1028,1028,1028,1028,1028,1028,1029,1029,1030,1030,1031,1031,1031,1031,1031,1033,1033,1034,1035,1035,1035,1035,1036,1036,1037,1038,1040,1041,1041,1041,1041,1041,1041,1041,1043,1043,1044,1044,1044,1044,1044,1044,1044,1044,1044,1044,1044,1044,1044,1044,1044,1044,1055,1055,1055,1058,1058,1058,1058,1071,1071,1072,1072,1071,1071,1071,1071,1071,1071,1071,1071,1071,1071,1088,1088,1088,1088,1088,1088,1088,1088,1088,1088,1088,1088,1088,1088,1088,1088,1091,1093,1096,1096,1096,1103,1103,1111,1111,1111,1111,1111,1115,1115,1122,1122,1141,1141,1141,1141,1141,1141,1141,1141,1141,1141,1141,1187,1187,1187,1187,1187,1189,1189,1189,1189,1189,1189,1189,1146,1146,1162,1161,1162,1162,1162,1170,1170,1192,1195,1195,1195,1205,1205,1205,1205,1205,1216,1216,1216,1219,1219,1223,1227,1227,1227,1227,1227,1237,1260,1260,1260,1260,1260,1278,1278,1278,1294,1326,1326,1327,1327,1327,1327,1327,1327,1327,1327,1327,1327,1328,1328,1328,1328,1328,1328
6101,Sutter County ,49611,71,72,72,74,77,79,80,82,83,86,87,87,87,87,89,89,91,91,91,92,95,98,98,98,99,99,100,100,103,104,104,106,106,106,106,106,106,107,107,108,108,108,108,108,108,108,109,109,110,110,113,114,114,114,114,114,114,114,114,114,116,116,116,116,116,116,116,116,116,117,118,119,119,119,119,120,120,120,120,120,121,121,121,121,121,121,122,122,122,122,122,122,122,122,122,122,122,122,122,122,122,122,122,123,123,123,123,123,123,123,123,123,123,123,123,123,123,123,123,123,124,124,124,124,124,124,124,124,124,124,124,125,125,125,125,125,125,125,125,125,125,125,125,125,125,125,125,125,125,125,125,125,125,125,125,125,125,125,125,125,125,125,125,125,125,126,126,126,126,126,126,126,126,126,126,126,126,126,126,126,126,126,126,126,126,126,126,126,126,126,126,127,127,127,127,127,127,127,127,127,127,128,128,129,129,129,129,129,129,129,129,129,129,129,129,129,129,129,129,129,130,130,130,130,130,130,130,130,130,133,133,133,133,133,134,134,135,135,135,136,136,136,136,138,138,138,138,138,138,144,144,144,144,145,145,149,151,151,151,151,153,153,153,153,154,154,154,155,155,155,155,160,160,160,164,164,164,164,165,165,165,165,165,168,168,170,170,171,171,172,172,172,172,172,172,173,174,174,174,175,174,176,176,176,176,177,177,177,177,177,177,177,178,178,178,178,178,178,178,178,178,178,178,178,178,178,178,178,178,180,180,180,180,180,180,180,180,180,180,181,181,181,181,183,183,183,183,183,184,184,184,184,185,185,185,185,185,185,185,186,187,187,187,187,187
6103,Tehama County ,28096,38,38,40,41,42,42,42,44,44,44,44,44,44,45,45,46,46,46,46,46,47,47,47,47,47,47,48,48,48,48,48,48,48,49,49,50,50,51,52,52,53,54,54,54,54,54,54,54,54,56,56,56,56,56,56,56,56,56,56,57,57,57,57,57,57,57,57,58,58,58,58,58,58,58,58,58,58,58,58,58,58,58,58,58,58,59,59,59,59,59,59,60,60,60,60,60,60,60,60,60,60,60,60,60,60,60,60,61,61,61,61,61,61,62,62,62,62,62,62,62,62,62,62,62,62,62,62,62,62,63,63,63,63,63,63,63,63,63,63,63,63,63,63,63,63,63,63,63,63,63,63,63,63,63,63,63,63,63,63,63,63,63,63,63,63,63,63,63,63,63,63,63,63,63,63,63,63,63,63,63,63,63,64,64,64,64,64,64,64,65,65,65,65,65,65,66,66,66,66,66,66,66,66,66,66,66,66,66,66,66,66,66,66,66,66,66,66,66,66,66,66,66,66,66,66,66,66,66,66,66,66,66,67,67,67,68,69,70,71,71,71,72,72,72,72,72,72,74,74,74,75,75,75,79,79,80,79,79,79,79,84,84,85,86,86,86,86,87,88,88,88,93,93,93,94,94,98,99,99,99,99,102,102,102,103,104,104,107,107,108,109,110,110,110,110,111,113,113,114,114,114,116,116,116,116,116,118,120,121,123,123,125,125,125,125,125,125,125,125,125,125,125,125,127,127,127,127,129,129,130,130,130,130,131,130,131,131,133,133,133,133,133,134,134,134,134,134,136,136,136,136,136,136,136,136,136,136,137,137,137,137,138,139,138,140
6105,Trinity County ,2021,3,3,3,3,3,3,3,3,3,3,3,3,3,3,3,3,3,3,3,3,3,3,3,3,3,3,3,3,3,3,3,3,3,3,3,3,3,3,3,3,3,3,3,3,3,3,3,3,3,3,3,3,3,3,3,3,3,3,3,3,3,3,3,3,3,3,3,3,3,3,3,3,3,3,3,3,3,3,3,3,3,3,3,3,3,3,3,3,3,3,3,3,3,3,3,3,3,3,3,3,3,3,3,3,3,3,3,3,3,3,3,3,3,3,3,3,3,3,3,3,3,3,3,3,3,3,3,3,3,3,3,3,3,3,3,3,3,3,3,3,3,3,3,3,3,3,3,3,3,3,3,3,3,3,3,3,3,3,3,3,3,3,3,3,3,3,3,3,3,3,3,3,3,3,3,3,3,3,3,3,3,3,3,3,3,3,3,3,3,3,3,3,3,3,3,3,3,3,3,3,3,3,3,3,3,3,3,3,3,3,3,3,3,3,3,3,3,3,3,3,3,3,3,3,3,3,3,3,3,3,3,3,3,3,3,3,3,3,3,3,3,3,3,4,4,4,4,4,4,4,4,4,4,4,4,4,4,4,4,4,4,4,4,5,5,5,5,5,5,5,5,5,5,5,5,5,5,5,5,5,5,5,5,5,5,5,5,5,5,5,5,5,5,5,5,5,5,5,5,5,5,5,5,6,11,11,11,11,13,13,17,17,17,17,17,17,17,17,17,17,17,17,17,17,17,17,17,17,17,17,17,17,17,17,17,17,17,17,17,17,17,17,17,17,17,17,17,17,17,17,17,17,17,17,17,17,17,17,17,17,17,17,17,17,18
6107,Tulare County ,318097,510,519,528,535,543,555,559,565,569,574,583,591,597,605,607,609,613,621,632,642,654,664,670,675,684,691,695,698,703,707,709,712,716,716,721,725,732,734,741,746,748,751,756,761,765,767,771,773,775,778,779,780,783,793,796,796,797,799,801,804,804,807,808,809,809,809,811,811,812,812,812,815,816,816,818,818,819,822,822,823,825,825,825,825,826,826,826,826,826,828,830,830,832,833,834,835,835,835,835,835,835,836,837,838,838,838,838,839,839,839,839,839,839,840,840,840,841,841,841,842,842,842,842,842,843,843,843,843,843,843,843,844,844,845,845,845,846,846,847,847,848,849,849,849,849,849,849,849,849,849,849,849,849,850,851,851,851,851,851,852,852,852,852,852,852,852,853,853,853,853,853,853,853,853,853,853,853,853,854,854,854,854,854,854,854,854,854,854,854,854,854,854,854,854,854,854,854,854,854,854,854,854,854,854,855,855,855,856,856,856,856,856,856,856,856,856,856,856,856,856,856,856,856,856,856,856,856,856,856,856,856,856,856,856,856,866,870,870,870,870,870,870,870,872,872,872,872,874,874,876,879,879,879,887,887,888,890,890,890,890,896,896,896,896,898,896,898,904,904,905,908,908,908,908,924,920,920,920,932,932,932,940,940,944,944,956,957,957,957,957,965,965,965,965,975,983,988,988,992,988,992,998,999,999,1004,1007,1007,1007,1014,1014,1021,1021,1022,1022,1022,1031,1031,1033,1040,1040,1040,1066,1066,1066,1066,1066,1073,1073,1073,1083,1083,1087,1086,1088,1088,1088,1088,1089,1089,1089,1089,1089,1102,1102,1102,1102,1107,1107,1107,1116,1116,1124,1124,1124,1124,1124,1132,1140,1140,1145,1145,1145,1145,1145,1153
6109,Tuolumne County ,23579,29,29,29,31,31,32,34,34,34,35,37,38,40,41,43,43,45,45,45,45,45,45,45,45,45,45,45,45,45,46,46,46,46,46,46,46,46,47,47,47,47,48,48,50,51,51,51,51,52,52,52,52,52,53,53,53,53,53,53,53,53,53,53,53,53,53,53,53,54,54,54,54,54,54,54,54,54,54,54,54,54,54,54,54,54,54,54,54,54,54,55,55,55,55,55,55,55,55,55,55,55,55,55,55,55,55,55,55,55,56,56,56,56,56,56,56,56,56,56,56,56,56,56,57,57,57,57,57,57,57,57,57,57,57,58,58,58,58,58,58,58,58,58,58,58,58,58,58,58,58,58,58,58,58,58,58,58,58,58,58,58,58,58,59,59,59,59,59,59,59,59,59,59,59,59,59,59,59,59,59,59,59,59,59,59,59,59,59,59,59,59,59,59,59,59,59,59,59,59,59,59,59,59,59,59,59,59,59,59,59,59,59,59,59,59,59,59,59,59,59,59,59,59,59,59,59,59,59,59,59,59,59,68,68,69,69,69,69,69,69,69,83,83,83,83,83,83,83,83,84,84,84,84,84,84,84,84,84,84,84,84,84,84,84,84,84,84,84,84,84,84,84,84,84,84,84,84,84,84,84,84,84,84,84,84,84,84,84,84,84,84,84,84,84,84,84,84,84,84,84,84,84,84,84,84,84,84,84,84,84,84,84,84,84,84,84,84,84,84,84,84,84,84,84,84,84,84,84,84,84,84,85,85,85,85,85,85,85,85,85,85,85,85,85,85,85,85,85,85,85,86,86,86,86,86,86,86,86,86,86,86,86,86,86,86
6111,Ventura County ,370658,375,382,394,408,420,440,452,473,492,512,524,533,549,556,575,589,601,620,630,637,655,660,673,680,684,694,706,719,729,737,748,758,769,780,785,794,799,808,815,825,835,842,850,862,868,872,877,886,891,897,907,915,923,930,932,932,937,943,943,949,950,951,954,956,960,962,964,967,967,969,970,972,974,977,980,981,984,989,990,993,995,997,999,1000,1002,1002,1003,1003,1003,1004,1004,1004,1005,1006,1007,1007,1007,1008,1008,1009,1011,1011,1011,1012,1012,1012,1013,1014,1014,1015,1017,1018,1018,1019,1020,1020,1020,1020,1020,1021,1021,1021,1022,1022,1023,1024,1024,1024,1024,1024,1024,1024,1024,1024,1024,1025,1025,1025,1025,1026,1026,1026,1026,1026,1026,1027,1028,1031,1031,1031,1031,1031,1031,1031,1031,1031,1032,1032,1032,1032,1032,1032,1032,1032,1032,1032,1033,1033,1033,1033,1033,1033,1033,1033,1033,1034,1034,1034,1034,1034,1034,1034,1034,1034,1034,1034,1034,1034,1034,1034,1034,1034,1034,1034,1034,1034,1034,1036,1036,1036,1036,1036,1037,1037,1038,1038,1038,1039,1039,1039,1039,1039,1039,1039,1039,1039,1039,1040,1040,1040,1040,1041,1041,1041,1043,1043,1043,1043,1043,1044,1044,1044,1049,1049,1053,1054,1060,1060,1060,1065,1065,1064,1066,1067,1067,1067,1067,1076,1076,1078,1081,1081,1081,1091,1091,1091,1093,1093,1093,1093,1104,1104,1104,1106,1113,1113,1113,1123,1123,1128,1123,1133,1133,1133,1138,1138,1140,1142,1144,1144,1144,1146,1146,1146,1146,1151,1151,1151,1151,1152,1152,1152,1152,1152,1153,1153,1153,1157,1160,1160,1160,1164,1164,1164,1164,1167,1167,1167,1169,1169,1169,1169,1169,1169,1169,1170,1170,1170,1170,1170,1170,1173,1173,1173,1173,1173,1175,1175,1175,1177,1177,1178,1178,1178,1179,1178,1181,1181,1181,1181,1181,1181,1182,1184,1184,1184,1186,1188,1188,1188,1190,1192,1193,1193,1193,1193,1193,1194,1194,1194,1194,1194,1198,1198,1198
6113,Yolo County ,80514,138,139,141,141,144,147,148,149,149,151,152,157,158,160,161,162,165,165,166,166,167,170,172,173,176,181,183,184,184,185,185,188,188,190,192,193,193,194,194,194,194,194,195,195,195,195,195,196,197,197,197,197,197,197,197,197,197,197,197,197,197,197,197,197,199,199,200,200,200,200,200,200,201,201,201,203,203,203,203,204,205,205,205,205,205,205,205,205,205,205,206,206,206,207,207,207,207,208,208,209,209,209,209,209,209,210,210,210,210,210,210,210,211,211,211,211,211,211,211,211,211,211,211,211,211,211,211,211,211,211,211,211,211,211,211,211,211,211,211,211,211,211,211,211,211,211,211,212,212,212,212,212,213,213,214,214,214,214,214,214,214,214,215,215,215,215,215,215,215,215,215,215,215,215,215,215,215,215,215,215,215,215,215,215,215,215,215,215,215,216,216,216,216,216,216,216,217,217,217,217,217,217,217,217,217,217,217,219,219,221,221,222,224,224,224,225,225,225,225,225,225,225,225,225,225,225,225,225,225,225,225,225,226,226,231,231,231,231,231,231,231,234,235,235,235,235,235,235,235,239,239,239,239,239,239,239,239,239,239,239,239,239,239,239,239,239,239,239,239,239,239,242,242,242,242,242,245,247,247,247,247,247,247,247,247,248,248,248,248,248,248,248,248,248,248,248,250,250,250,250,250,250,250,250,250,254,254,254,254,254,254,254,254,254,254,254,254,257,257,257,257,257,257,257,257,257,257,257,257,257,257,260,260,260,260,260,263,263,267,267,267,267,267,267,267,267,267,267,267,266,266,266,269,269,269,269,269,269,269,269,269,269,269,269,269
6115,Yuba County ,17605,19,20,21,22,24,25,25,26,26,27,28,29,29,29,29,30,30,30,30,30,32,33,33,33,33,34,34,34,34,35,36,36,36,36,36,36,36,36,39,39,39,39,39,39,39,39,39,39,39,39,39,40,40,40,40,40,41,41,41,41,41,42,42,42,42,42,42,42,43,43,43,43,43,43,43,43,43,43,43,43,43,43,43,43,43,43,43,43,43,43,43,43,43,43,43,43,43,43,43,43,43,43,43,43,43,43,43,43,43,44,44,44,44,44,44,44,45,45,45,45,45,47,47,47,47,47,47,47,47,47,47,47,47,47,47,47,47,47,47,47,47,47,47,47,47,47,47,47,48,48,48,48,48,48,48,48,48,48,48,48,48,48,48,48,48,48,48,48,48,48,48,49,49,49,49,49,49,49,49,49,49,49,49,49,49,49,49,49,49,49,49,49,49,49,49,49,49,49,49,49,49,49,49,49,49,49,49,49,49,49,49,49,49,49,49,49,49,49,49,49,49,49,49,49,49,49,49,49,49,49,49,49,49,49,49,49,49,49,49,49,49,49,49,49,49,49,49,49,49,49,49,49,49,49,49,49,49,49,49,49,49,49,49,49,49,49,49,49,49,49,49,49,49,49,49,49,49,49,49,49,49,49,49,49,49,60,60,60,60,60,60,60,60,60,60,60,60,60,60,60,60,60,60,60,60,60,60,60,60,60,60,60,60,60,60,60,60,60,60,60,60,60,60,60,60,60,60,60,60,60,60,60,60,66,66,66,66,66,66,66,66,66,66,66,66,66,66,66,66,66,66,66,66,66,66,66,66,66,66,66,66,66,66,66,66
