fiips,sumofdeaths,1/1/2021,1/2/2021,1/3/2021,1/4/2021,1/5/2021,1/6/2021,1/7/2021,1/8/2021,1/9/2021,1/10/2021,1/11/2021,1/12/2021,1/13/2021,1/14/2021,1/15/2021,1/16/2021,1/17/2021,1/18/2021,1/19/2021,1/20/2021,1/21/2021,1/22/2021,1/23/2021,1/24/2021,1/25/2021,1/26/2021,1/27/2021,1/28/2021,1/29/2021,1/30/2021,1/31/2021,2/1/2021,2/2/2021,2/3/2021,2/4/2021,2/5/2021,2/6/2021,2/7/2021,2/8/2021,2/9/2021,2/10/2021,2/11/2021,2/12/2021,2/13/2021,2/14/2021,2/15/2021,2/16/2021,2/17/2021,2/18/2021,2/19/2021,2/20/2021,2/21/2021,2/22/2021,2/23/2021,2/24/2021,2/25/2021,2/26/2021,2/27/2021,2/28/2021,3/1/2021,3/2/2021,3/3/2021,3/4/2021,3/5/2021,3/6/2021,3/7/2021,3/8/2021,3/9/2021,3/10/2021,3/11/2021,3/12/2021,3/13/2021,3/14/2021,3/15/2021,3/16/2021,3/17/2021,3/18/2021,3/19/2021,3/20/2021,3/21/2021,3/22/2021,3/23/2021,3/24/2021,3/25/2021,3/26/2021,3/27/2021,3/28/2021,3/29/2021,3/30/2021,3/31/2021,4/1/2021,4/2/2021,4/3/2021,4/4/2021,4/5/2021,4/6/2021,4/7/2021,4/8/2021,4/9/2021,4/10/2021,4/11/2021,4/12/2021,4/13/2021,4/14/2021,4/15/2021,4/16/2021,4/17/2021,4/18/2021,4/19/2021,4/20/2021,4/21/2021,4/22/2021,4/23/2021,4/24/2021,4/25/2021,4/26/2021,4/27/2021,4/28/2021,4/29/2021,4/30/2021,5/1/2021,5/2/2021,5/3/2021,5/4/2021,5/5/2021,5/6/2021,5/7/2021,5/8/2021,5/9/2021,5/10/2021,5/11/2021,5/12/2021,5/13/2021,5/14/2021,5/15/2021,5/16/2021,5/17/2021,5/18/2021,5/19/2021,5/20/2021,5/21/2021,5/22/2021,5/23/2021,5/24/2021,5/25/2021,5/26/2021,5/27/2021,5/28/2021,5/29/2021,5/30/2021,5/31/2021,6/1/2021,6/2/2021,6/3/2021,6/4/2021,6/5/2021,6/6/2021,6/7/2021,6/8/2021,6/9/2021,6/10/2021,6/11/2021,6/12/2021,6/13/2021,6/14/2021,6/15/2021,6/16/2021,6/17/2021,6/18/2021,6/19/2021,6/20/2021,6/21/2021,6/22/2021,6/23/2021,6/24/2021,6/25/2021,6/26/2021,6/27/2021,6/28/2021,6/29/2021,6/30/2021,7/1/2021,7/2/2021,7/3/2021,7/4/2021,7/5/2021,7/6/2021,7/7/2021,7/8/2021,7/9/2021,7/10/2021,7/11/2021,7/12/2021,7/13/2021,7/14/2021,7/15/2021,7/16/2021,7/17/2021,7/18/2021,7/19/2021,7/20/2021,7/21/2021,7/22/2021,7/23/2021,7/24/2021,7/25/2021,7/26/2021,7/27/2021,7/28/2021,7/29/2021,7/30/2021,7/31/2021,8/1/2021,8/2/2021,8/3/2021,8/4/2021,8/5/2021,8/6/2021,8/7/2021,8/8/2021,8/9/2021,8/10/2021,8/11/2021,8/12/2021,8/13/2021,8/14/2021,8/15/2021,8/16/2021,8/17/2021,8/18/2021,8/19/2021,8/20/2021,8/21/2021,8/22/2021,8/23/2021,8/24/2021,8/25/2021,8/26/2021,8/27/2021,8/28/2021,8/29/2021,8/30/2021,8/31/2021,9/1/2021,9/2/2021,9/3/2021,9/4/2021,9/5/2021,9/6/2021,9/7/2021,9/8/2021,9/9/2021,9/10/2021,9/11/2021,9/12/2021,9/13/2021,9/14/2021,9/15/2021,9/16/2021,9/17/2021,9/18/2021,9/19/2021,9/20/2021,9/21/2021,9/22/2021,9/23/2021,9/24/2021,9/25/2021,9/26/2021,9/27/2021,9/28/2021,9/29/2021,9/30/2021,10/1/2021,10/2/2021,10/3/2021,10/4/2021,10/5/2021,10/6/2021,10/7/2021,10/8/2021,10/9/2021,10/10/2021,10/11/2021,10/12/2021,10/13/2021,10/14/2021,10/15/2021,10/16/2021,10/17/2021,10/18/2021,10/19/2021,10/20/2021,10/21/2021,10/22/2021,10/23/2021,10/24/2021,10/25/2021,10/26/2021,10/27/2021,10/28/2021,10/29/2021,10/30/2021,10/31/2021,11/1/2021,11/2/2021,11/3/2021,11/4/2021,11/5/2021,11/6/2021,11/7/2021,11/8/2021,11/9/2021,11/10/2021,11/11/2021,11/12/2021,11/13/2021,11/14/2021,11/15/2021,11/16/2021,11/17/2021,11/18/2021,11/19/2021,11/20/2021,11/21/2021,11/22/2021,11/23/2021,11/24/2021,11/25/2021,11/26/2021,11/27/2021,11/28/2021,11/29/2021,11/30/2021,12/1/2021,12/2/2021,12/3/2021,12/4/2021,12/5/2021,12/6/2021,12/7/2021,12/8/2021,12/9/2021,12/10/2021,12/11/2021,12/12/2021,12/13/2021,12/14/2021,12/15/2021,12/16/2021,12/17/2021,12/18/2021,12/19/2021,12/20/2021,12/21/2021,12/22/2021,12/23/2021,12/24/2021,12/25/2021,12/26/2021,12/27/2021,12/28/2021,12/29/2021,12/30/2021,12/31/2021
12001,95482,129,133,133,136,136,136,136,137,138,139,141,141,141,143,144,145,146,154,156,156,158,158,158,163,164,164,164,165,165,166,171,174,174,176,176,179,182,183,185,186,186,189,191,191,195,199,201,203,203,206,208,214,220,222,226,228,228,228,232,234,235,235,235,235,235,236,242,242,248,248,248,249,249,250,250,251,252,252,252,252,252,252,255,255,255,258,258,259,259,259,259,259,259,259,259,259,259,259,261,261,262,262,262,262,262,263,264,266,267,267,267,267,267,271,271,273,273,274,275,275,275,275,275,275,275,275,275,276,276,277,278,279,279,279,279,279,281,281,281,281,281,281,281,281,281,283,284,283,283,283,283,285,285,285,285,285,285,285,285,285,285,285,285,285,285,285,285,285,285,285,285,285,285,285,285,285,285,285,285,285,285,285,285,285,285,285,285,285,285,285,285,285,285,285,285,285,285,285,285,285,285,285,285,285,285,285,285,285,285,285,285,285,285,285,285,285,285,285,285,285,285,285,285,285,285,285,285,285,285,285,285,285,285,285,285,285,285,285,285,285,285,285,285,285,285,285,285,285,285,285,285,285,285,285,285,285,285,285,285,285,285,285,285,285,285,285,285,285,285,285,285,285,285,285,285,285,285,285,285,285,285,285,285,285,285,285,285,285,285,285,285,285,285,285,285,285,285,285,285,285,285,285,285,285,285,285,285,285,285,285,285,285,285,285,285,285,285,285,285,285,285,285,285,285,285,285,285,285,285,285,285,285,285,285,285,285,285,285,285,285,285,285,285,285,285,285,285,285,285,285,285,285,285,285,285,285,285,285,285,285,285,285,285,285,285
12003,21533,36,36,36,36,36,37,38,38,38,38,38,39,39,39,39,40,41,41,41,41,41,44,44,44,44,47,48,48,48,48,48,48,51,51,51,53,54,54,54,54,54,54,54,54,54,54,54,54,54,54,54,54,54,56,56,56,56,56,56,56,56,56,56,56,56,56,56,57,57,57,57,57,57,57,57,57,58,59,59,59,59,59,59,59,59,59,59,60,62,62,62,62,62,62,62,62,62,62,60,60,60,60,60,60,60,60,60,60,60,60,60,60,60,60,60,60,60,60,60,60,60,60,60,60,60,60,61,60,60,60,60,60,60,60,60,60,60,60,60,60,60,61,61,61,61,62,62,62,62,62,62,62,62,62,62,62,62,62,62,62,62,62,62,62,62,62,62,62,62,62,62,62,62,62,62,62,62,62,62,62,62,62,62,62,62,62,62,62,62,62,62,62,62,62,62,62,62,62,62,62,62,62,62,62,62,62,62,62,62,62,62,62,62,62,62,62,62,62,62,62,62,62,62,62,62,62,62,62,62,62,62,62,62,62,62,62,62,62,62,62,62,62,62,62,62,62,62,62,62,62,62,62,62,62,62,62,62,62,62,62,62,62,62,62,62,62,62,62,62,62,62,62,62,62,62,62,62,62,62,62,62,62,62,62,62,62,62,62,62,62,62,62,62,62,62,62,62,62,62,62,62,62,62,62,62,62,62,62,62,62,62,62,62,62,62,62,62,62,62,62,62,62,62,62,62,62,62,62,62,62,62,62,62,62,62,62,62,62,62,62,62,62,62,62,62,62,62,62,62,62,62,62,62,62,62,62,62,62,62,62,62,62,62,62,62
12005,135622,209,212,213,213,214,214,219,223,227,227,227,233,239,246,251,255,255,255,255,257,258,261,266,266,266,274,276,281,285,287,290,290,295,296,297,300,304,307,307,308,308,314,315,318,318,318,321,321,322,329,333,335,335,339,339,339,339,343,344,344,346,347,348,351,353,353,353,357,357,358,359,361,361,362,365,365,366,368,368,368,369,369,369,369,375,375,375,375,375,375,375,375,375,375,375,376,376,376,376,377,377,377,377,377,377,377,379,379,379,380,381,381,382,382,382,382,382,384,385,385,386,386,386,386,386,387,388,388,388,388,390,392,392,392,392,392,392,393,393,393,393,393,393,393,396,393,394,394,394,394,394,394,394,394,394,394,394,394,394,394,394,394,394,394,394,394,394,394,394,394,394,394,394,394,394,394,394,394,394,394,394,394,394,394,394,394,394,394,394,394,394,394,394,394,394,394,394,394,394,394,394,394,394,394,394,394,394,394,394,394,394,394,394,394,394,394,394,394,394,394,394,394,394,394,394,394,394,394,394,394,394,394,394,394,394,394,394,394,394,394,394,394,394,394,394,394,394,394,394,394,394,394,394,394,394,394,394,394,394,394,394,394,394,394,394,394,394,394,394,394,394,394,394,394,394,394,394,394,394,394,394,394,394,394,394,394,394,394,394,394,394,394,394,394,394,394,394,394,394,394,394,394,394,394,394,394,394,394,394,394,394,394,394,394,394,394,394,394,394,394,394,394,394,394,394,394,394,394,394,394,394,394,394,394,394,394,394,394,394,394,394,394,394,394,394,394,394,394,394,394,394,394,394,394,394,394,394,394,394,394,394,394,394,394,394
12007,19729,23,23,23,23,23,24,24,24,24,24,24,24,24,26,26,26,26,26,29,29,31,32,35,35,35,37,38,38,38,38,38,40,44,46,46,46,46,46,47,47,47,48,48,49,49,49,49,49,49,49,49,49,50,52,52,52,52,52,52,52,52,52,52,52,52,52,53,53,53,54,54,54,54,54,54,54,54,54,54,54,54,54,54,54,54,54,54,54,54,54,54,55,55,55,55,55,55,55,55,55,55,55,55,55,55,56,56,56,56,55,55,55,56,56,56,56,56,56,56,56,56,56,56,56,56,56,56,56,56,56,56,56,56,56,56,56,57,57,57,57,57,57,57,57,57,57,57,58,58,58,58,58,58,58,58,58,58,58,58,58,58,58,58,58,58,58,58,58,58,58,58,58,58,58,58,58,58,58,58,58,58,58,58,58,58,58,58,58,58,58,58,58,58,58,58,58,58,58,58,58,58,58,58,58,58,58,58,58,58,58,58,58,58,58,58,58,58,58,58,58,58,58,58,58,58,58,58,58,58,58,58,58,58,58,58,58,58,58,58,58,58,58,58,58,58,58,58,58,58,58,58,58,58,58,58,58,58,58,58,58,58,58,58,58,58,58,58,58,58,58,58,58,58,58,58,58,58,58,58,58,58,58,58,58,58,58,58,58,58,58,58,58,58,58,58,58,58,58,58,58,58,58,58,58,58,58,58,58,58,58,58,58,58,58,58,58,58,58,58,58,58,58,58,58,58,58,58,58,58,58,58,58,58,58,58,58,58,58,58,58,58,58,58,58,58,58,58,58,58,58,58,58,58,58,58,58,58,58,58,58,58,58,58,58,58
12009,309816,523,525,525,525,525,526,535,540,549,557,558,559,562,564,572,578,582,582,591,594,595,603,609,613,615,620,622,627,639,650,654,655,655,663,663,666,675,680,681,681,690,690,697,702,703,704,706,710,714,721,722,728,728,731,736,736,738,741,746,746,751,751,751,761,764,764,764,769,769,772,773,781,781,783,783,784,787,789,789,789,789,790,792,793,802,803,804,806,807,808,809,813,814,814,814,818,825,825,825,828,828,831,836,836,837,840,841,843,843,846,847,847,849,852,852,853,854,858,859,861,861,862,862,866,866,866,874,874,876,875,877,879,879,881,881,880,881,884,884,886,889,889,890,892,894,894,902,903,903,903,903,905,913,914,914,914,914,914,914,914,914,914,914,914,914,914,914,914,914,914,914,914,914,914,914,914,914,914,914,914,914,914,914,914,914,914,914,914,914,914,914,914,914,914,914,914,914,914,914,914,914,914,914,914,914,914,914,914,914,914,914,914,914,914,914,914,914,914,914,914,914,914,914,914,914,914,914,914,914,914,914,914,914,914,914,914,914,914,914,914,914,914,914,914,914,914,914,914,914,914,914,914,914,914,914,914,914,914,914,914,914,914,914,914,914,914,914,914,914,914,914,914,914,914,914,914,914,914,914,914,914,914,914,914,914,914,914,914,914,914,914,914,914,914,914,914,914,914,914,914,914,914,914,914,914,914,914,914,914,914,914,914,914,914,914,914,914,914,914,914,914,914,914,914,914,914,914,914,914,914,914,914,914,914,914,914,914,914,914,914,914,914,914,914,914,914,914,914,914,914,914,914,914,914,914,914,914,914,914,914,914,914,914,914,914
12011,1038202,1847,1862,1872,1882,1883,1890,1897,1903,1915,1920,1928,1938,1943,1945,1955,1957,1969,1983,1990,1998,2004,2011,2018,2034,2045,2050,2062,2069,2071,2082,2092,2115,2119,2125,2139,2150,2162,2169,2185,2192,2202,2218,2229,2239,2256,2266,2275,2283,2297,2310,2324,2340,2349,2352,2361,2365,2369,2374,2390,2399,2408,2422,2431,2438,2455,2465,2477,2484,2512,2520,2533,2541,2547,2549,2558,2569,2572,2580,2591,2595,2597,2603,2609,2614,2614,2623,2624,2629,2634,2656,2666,2685,2699,2701,2701,2706,2709,2713,2717,2721,2720,2721,2723,2733,2741,2762,2769,2783,2784,2792,2813,2848,2859,2860,2865,2868,2877,2886,2885,2894,2902,2904,2905,2921,2936,2943,2948,2960,2964,2965,2965,2978,2986,3002,3011,3011,3012,3026,3031,3043,3045,3050,3052,3051,3060,3064,3067,3069,3069,3069,3069,3077,3079,3079,3079,3079,3079,3079,3079,3079,3079,3079,3079,3079,3079,3079,3079,3079,3079,3079,3079,3079,3079,3079,3079,3079,3079,3079,3079,3079,3079,3079,3079,3079,3079,3079,3079,3079,3079,3079,3079,3079,3079,3079,3079,3079,3079,3079,3079,3079,3079,3079,3079,3079,3079,3079,3079,3079,3079,3079,3079,3079,3079,3079,3079,3079,3079,3079,3079,3079,3079,3079,3079,3079,3079,3079,3079,3079,3079,3079,3079,3079,3079,3079,3079,3079,3079,3079,3079,3079,3079,3079,3079,3079,3079,3079,3079,3079,3079,3079,3079,3079,3079,3079,3079,3079,3079,3079,3079,3079,3079,3079,3079,3079,3079,3079,3079,3079,3079,3079,3079,3079,3079,3079,3079,3079,3079,3079,3079,3079,3079,3079,3079,3079,3079,3079,3079,3079,3079,3079,3079,3079,3079,3079,3079,3079,3079,3079,3079,3079,3079,3079,3079,3079,3079,3079,3079,3079,3079,3079,3079,3079,3079,3079,3079,3079,3079,3079,3079,3079,3079,3079,3079,3079,3079,3079,3079,3079,3079,3079,3079,3079,3079,3079,3079,3079,3079,3079,3079,3079,3079,3079,3079,3079,3079,3079,3079,3079,3079,3079,3079,3079,3079,3079,3079,3079,3079,3079,3079,3079,3079,3079,3079,3079,3079
12013,15800,28,29,29,29,29,29,29,29,29,29,29,29,32,32,32,32,32,33,33,33,33,36,36,36,36,36,36,36,36,36,36,36,36,36,36,36,36,36,36,36,36,36,36,36,36,37,38,38,39,39,39,39,39,39,40,40,40,40,40,40,40,46,46,46,46,46,46,46,46,46,46,46,46,46,46,46,46,46,46,46,46,46,46,46,46,46,46,46,46,46,46,46,46,46,46,46,46,46,47,47,43,43,43,43,43,43,43,43,43,43,43,43,43,43,43,43,43,43,43,43,43,43,43,46,44,44,44,44,44,44,44,44,45,45,45,45,45,45,45,45,45,45,45,45,45,46,46,45,45,45,45,45,45,45,45,45,45,45,45,45,45,45,45,45,45,45,45,45,45,45,45,45,45,45,45,45,45,45,45,45,45,45,45,45,45,45,45,45,45,45,45,45,45,45,45,45,45,45,45,45,45,45,45,45,45,45,45,45,45,45,45,45,45,45,45,45,45,45,45,45,45,45,45,45,45,45,45,45,45,45,45,45,45,45,45,45,45,45,45,45,45,45,45,45,45,45,45,45,45,45,45,45,45,45,45,45,45,45,45,45,45,45,45,45,45,45,45,45,45,45,45,45,45,45,45,45,45,45,45,45,45,45,45,45,45,45,45,45,45,45,45,45,45,45,45,45,45,45,45,45,45,45,45,45,45,45,45,45,45,45,45,45,45,45,45,45,45,45,45,45,45,45,45,45,45,45,45,45,45,45,45,45,45,45,45,45,45,45,45,45,45,45,45,45,45,45,45,45,45,45,45,45,45,45,45,45,45,45,45,45,45,45,45,45,45
12015,148128,231,236,238,241,241,246,248,249,250,251,254,256,257,257,257,258,263,270,271,271,271,271,272,284,290,290,290,291,291,292,299,303,303,304,304,305,306,310,313,313,313,320,323,323,331,333,335,338,338,345,348,353,355,355,358,359,359,359,366,370,372,372,372,373,373,373,376,376,379,381,381,383,385,388,388,388,388,388,388,389,389,389,389,389,389,390,390,391,391,392,392,392,392,392,393,393,393,395,395,396,399,399,400,400,400,402,404,404,404,404,406,406,409,409,410,411,413,414,416,416,416,417,418,418,418,418,418,420,421,423,424,425,425,425,425,425,426,426,427,427,428,428,429,429,437,437,437,436,436,436,436,437,437,437,437,437,437,437,437,437,437,437,437,437,437,437,437,437,437,437,437,437,437,437,437,437,437,437,437,437,437,437,437,437,437,437,437,437,437,437,437,437,437,437,437,437,437,437,437,437,437,437,437,437,437,437,437,437,437,437,437,437,437,437,437,437,437,437,437,437,437,437,437,437,437,437,437,437,437,437,437,437,437,437,437,437,437,437,437,437,437,437,437,437,437,437,437,437,437,437,437,437,437,437,437,437,437,437,437,437,437,437,437,437,437,437,437,437,437,437,437,437,437,437,437,437,437,437,437,437,437,437,437,437,437,437,437,437,437,437,437,437,437,437,437,437,437,437,437,437,437,437,437,437,437,437,437,437,437,437,437,437,437,437,437,437,437,437,437,437,437,437,437,437,437,437,437,437,437,437,437,437,437,437,437,437,437,437,437,437,437,437,437,437,437,437,437,437,437,437,437,437,437,437,437,437,437,437,437,437,437,437,437,437,437
12017,159053,266,274,275,275,275,276,282,283,287,287,297,296,299,299,308,308,308,309,316,319,323,323,330,330,330,336,336,341,344,344,344,344,353,354,356,356,362,363,363,365,365,365,365,365,365,365,365,373,376,380,382,384,386,386,391,395,397,397,399,404,404,404,406,411,412,414,414,414,414,414,416,416,417,417,419,419,420,420,420,420,420,420,421,421,424,425,428,428,428,429,429,432,432,433,433,435,435,435,437,437,433,433,432,432,433,432,432,433,434,436,436,436,438,438,438,438,438,438,439,439,444,444,445,445,444,446,445,445,445,447,453,451,451,451,452,452,452,454,455,456,459,460,460,461,461,461,462,462,462,462,462,463,463,463,463,463,463,463,463,463,463,463,463,463,463,463,463,463,463,463,463,463,463,463,463,463,463,463,463,463,463,463,463,463,463,463,463,463,463,463,463,463,463,463,463,463,463,463,463,463,463,463,463,463,463,463,463,463,463,463,463,463,463,463,463,463,463,463,463,463,463,463,463,463,463,463,463,463,463,463,463,463,463,463,463,463,463,463,463,463,463,463,463,463,463,463,463,463,463,463,463,463,463,463,463,463,463,463,463,463,463,463,463,463,463,463,463,463,463,463,463,463,463,463,463,463,463,463,463,463,463,463,463,463,463,463,463,463,463,463,463,463,463,463,463,463,463,463,463,463,463,463,463,463,463,463,463,463,463,463,463,463,463,463,463,463,463,463,463,463,463,463,463,463,463,463,463,463,463,463,463,463,463,463,463,463,463,463,463,463,463,463,463,463,463,463,463,463,463,463,463,463,463,463,463,463,463,463,463,463,463,463,463,463,463
12019,120444,186,188,188,188,189,193,193,197,197,197,197,198,209,209,210,221,221,221,221,221,226,226,226,226,226,240,242,243,243,243,244,244,244,265,266,265,265,266,266,274,283,283,283,283,283,283,283,283,295,297,297,299,299,299,299,304,304,304,304,304,304,315,315,315,315,315,315,315,315,322,324,324,324,324,324,324,324,325,325,325,325,325,325,325,325,325,325,325,325,329,329,329,329,329,329,329,329,331,331,331,331,331,331,331,331,331,331,331,331,331,331,336,336,336,336,336,336,336,337,336,340,340,340,340,340,340,340,340,342,342,342,342,342,342,342,343,344,344,344,344,344,345,345,345,345,345,352,351,351,351,351,352,352,352,352,352,352,352,352,352,352,352,352,352,352,352,352,352,352,352,352,352,352,352,352,352,352,352,352,352,352,352,352,352,352,352,352,352,352,352,352,352,352,352,352,352,352,352,352,352,352,352,352,352,352,352,352,352,352,352,352,352,352,352,352,352,352,352,352,352,352,352,352,352,352,352,352,352,352,352,352,352,352,352,352,352,352,352,352,352,352,352,352,352,352,352,352,352,352,352,352,352,352,352,352,352,352,352,352,352,352,352,352,352,352,352,352,352,352,352,352,352,352,352,352,352,352,352,352,352,352,352,352,352,352,352,352,352,352,352,352,352,352,352,352,352,352,352,352,352,352,352,352,352,352,352,352,352,352,352,352,352,352,352,352,352,352,352,352,352,352,352,352,352,352,352,352,352,352,352,352,352,352,352,352,352,352,352,352,352,352,352,352,352,352,352,352,352,352,352,352,352,352,352,352,352,352,352,352,352,352,352,352,352,352
12021,188447,332,339,339,341,346,350,354,360,361,363,363,363,367,370,371,375,376,377,381,382,386,386,386,386,394,396,398,402,403,404,404,404,410,413,414,419,420,420,422,422,422,426,428,430,430,431,433,434,438,440,440,443,443,448,450,452,459,459,459,463,463,463,463,464,465,465,465,469,472,472,477,479,480,481,481,481,484,488,490,490,490,490,490,492,492,492,492,492,496,498,498,500,505,505,505,505,505,506,505,505,505,506,504,506,507,510,514,514,514,516,515,516,516,516,517,517,522,524,525,527,528,528,528,530,531,531,532,533,533,535,536,535,538,538,538,538,540,539,539,539,542,542,542,542,542,543,544,544,544,544,544,549,551,551,551,551,551,551,551,551,551,551,551,551,551,551,551,551,551,551,551,551,551,551,551,551,551,551,551,551,551,551,551,551,551,551,551,551,551,551,551,551,551,551,551,551,551,551,551,551,551,551,551,551,551,551,551,551,551,551,551,551,551,551,551,551,551,551,551,551,551,551,551,551,551,551,551,551,551,551,551,551,551,551,551,551,551,551,551,551,551,551,551,551,551,551,551,551,551,551,551,551,551,551,551,551,551,551,551,551,551,551,551,551,551,551,551,551,551,551,551,551,551,551,551,551,551,551,551,551,551,551,551,551,551,551,551,551,551,551,551,551,551,551,551,551,551,551,551,551,551,551,551,551,551,551,551,551,551,551,551,551,551,551,551,551,551,551,551,551,551,551,551,551,551,551,551,551,551,551,551,551,551,551,551,551,551,551,551,551,551,551,551,551,551,551,551,551,551,551,551,551,551,551,551,551,551,551,551,551,551,551,551,551,551
12023,59738,117,119,119,119,119,119,119,119,119,120,120,124,125,129,131,131,131,132,132,134,135,136,136,138,138,138,138,138,143,143,143,143,143,143,143,143,143,143,143,143,147,148,148,149,149,149,149,149,149,149,154,155,155,155,155,155,155,155,155,157,157,157,160,161,161,161,162,162,162,162,162,162,162,162,162,162,162,162,162,162,162,162,162,162,162,162,162,162,162,162,162,163,163,163,163,163,163,163,164,164,164,164,164,164,165,165,165,165,165,165,165,165,165,165,165,167,168,168,168,168,169,169,169,169,169,169,169,169,169,169,169,169,169,169,169,169,169,169,169,169,169,169,169,169,169,169,170,170,170,170,170,170,170,170,170,170,170,170,170,170,170,170,170,170,170,170,170,170,170,170,170,170,170,170,170,170,170,170,170,170,170,170,170,170,170,170,170,170,170,170,170,170,170,170,170,170,170,170,170,170,170,170,170,170,170,170,170,170,170,170,170,170,170,170,170,170,170,170,170,170,170,170,170,170,170,170,170,170,170,170,170,170,170,170,170,170,170,170,170,170,170,170,170,170,170,170,170,170,170,170,170,170,170,170,170,170,170,170,170,170,170,170,170,170,170,170,170,170,170,170,170,170,170,170,170,170,170,170,170,170,170,170,170,170,170,170,170,170,170,170,170,170,170,170,170,170,170,170,170,170,170,170,170,170,170,170,170,170,170,170,170,170,170,170,170,170,170,170,170,170,170,170,170,170,170,170,170,170,170,170,170,170,170,170,170,170,170,170,170,170,170,170,170,170,170,170,170,170,170,170,170,170,170,170,170,170,170,170,170,170,170,170,170,170,170
12027,32718,56,58,58,58,58,58,58,61,60,60,61,61,62,62,62,66,67,67,66,66,66,66,66,66,66,66,66,66,66,67,67,67,67,67,67,67,68,68,69,69,69,69,69,69,69,71,71,71,71,72,72,73,73,73,73,73,73,74,75,75,75,75,75,75,75,76,76,76,76,76,77,77,78,79,79,79,79,79,79,79,80,80,80,81,82,83,83,84,85,87,87,87,87,87,87,87,87,87,86,86,86,87,87,87,88,89,89,91,91,91,91,91,91,91,92,92,92,92,92,93,93,93,93,93,93,93,94,93,93,93,93,93,93,93,93,94,94,95,95,95,95,95,95,95,96,96,98,97,97,97,97,97,97,97,97,97,97,97,97,97,97,97,97,97,97,97,97,97,97,97,97,97,97,97,97,97,97,97,97,97,97,97,97,97,97,97,97,97,97,97,97,97,97,97,97,97,97,97,97,97,97,97,97,97,97,97,97,97,97,97,97,97,97,97,97,97,97,97,97,97,97,97,97,97,97,97,97,97,97,97,97,97,97,97,97,97,97,97,97,97,97,97,97,97,97,97,97,97,97,97,97,97,97,97,97,97,97,97,97,97,97,97,97,97,97,97,97,97,97,97,97,97,97,97,97,97,97,97,97,97,97,97,97,97,97,97,97,97,97,97,97,97,97,97,97,97,97,97,97,97,97,97,97,97,97,97,97,97,97,97,97,97,97,97,97,97,97,97,97,97,97,97,97,97,97,97,97,97,97,97,97,97,97,97,97,97,97,97,97,97,97,97,97,97,97,97,97,97,97,97,97,97,97,97,97,97,97,97,97,97,97,97,97,97,97
12029,8081,11,11,11,11,11,11,11,11,11,11,11,11,11,11,11,11,12,12,12,12,12,12,12,13,13,13,13,13,13,13,13,13,13,13,13,13,14,14,14,14,14,15,15,15,16,17,17,17,17,18,19,19,19,19,19,19,19,19,19,21,21,21,21,21,21,22,22,22,22,22,22,22,22,22,22,22,22,22,22,22,23,23,23,23,23,23,23,23,23,23,23,23,23,23,23,23,23,23,23,23,23,23,23,23,23,23,23,23,23,23,23,23,24,24,24,24,24,24,24,24,24,24,24,24,24,24,24,24,24,24,24,24,24,24,24,24,24,24,24,24,24,24,24,24,24,24,24,24,24,24,24,24,24,24,24,24,24,24,24,24,24,24,24,24,24,24,24,24,24,24,24,24,24,24,24,24,24,24,24,24,24,24,24,24,24,24,24,24,24,24,24,24,24,24,24,24,24,24,24,24,24,24,24,24,24,24,24,24,24,24,24,24,24,24,24,24,24,24,24,24,24,24,24,24,24,24,24,24,24,24,24,24,24,24,24,24,24,24,24,24,24,24,24,24,24,24,24,24,24,24,24,24,24,24,24,24,24,24,24,24,24,24,24,24,24,24,24,24,24,24,24,24,24,24,24,24,24,24,24,24,24,24,24,24,24,24,24,24,24,24,24,24,24,24,24,24,24,24,24,24,24,24,24,24,24,24,24,24,24,24,24,24,24,24,24,24,24,24,24,24,24,24,24,24,24,24,24,24,24,24,24,24,24,24,24,24,24,24,24,24,24,24,24,24,24,24,24,24,24,24,24,24,24,24,24,24,24,24,24,24,24,24,24,24,24
12031,495487,725,739,741,753,755,760,767,769,772,775,781,783,786,788,792,800,806,816,856,857,863,863,863,873,881,891,891,894,898,902,911,927,929,945,946,949,954,982,992,993,997,1002,1012,1016,1033,1044,1047,1062,1063,1075,1077,1091,1109,1120,1130,1139,1139,1140,1164,1175,1182,1186,1188,1193,1193,1208,1219,1219,1231,1233,1234,1236,1236,1246,1247,1248,1258,1258,1263,1275,1281,1283,1283,1287,1287,1293,1295,1297,1297,1304,1306,1306,1311,1313,1314,1314,1314,1318,1321,1325,1337,1338,1336,1341,1341,1345,1349,1352,1355,1356,1356,1357,1364,1370,1371,1372,1375,1385,1386,1386,1391,1398,1402,1402,1402,1402,1404,1408,1413,1416,1419,1418,1432,1433,1444,1447,1447,1469,1460,1463,1472,1471,1471,1478,1476,1478,1479,1489,1489,1489,1489,1480,1483,1483,1483,1483,1483,1483,1483,1483,1483,1483,1483,1483,1483,1483,1483,1483,1483,1483,1483,1483,1483,1483,1483,1483,1483,1483,1483,1483,1483,1483,1483,1483,1483,1483,1483,1483,1483,1483,1483,1483,1483,1483,1483,1483,1483,1483,1483,1483,1483,1483,1483,1483,1483,1483,1483,1483,1483,1483,1483,1483,1483,1483,1483,1483,1483,1483,1483,1483,1483,1483,1483,1483,1483,1483,1483,1483,1483,1483,1483,1483,1483,1483,1483,1483,1483,1483,1483,1483,1483,1483,1483,1483,1483,1483,1483,1483,1483,1483,1483,1483,1483,1483,1483,1483,1483,1483,1483,1483,1483,1483,1483,1483,1483,1483,1483,1483,1483,1483,1483,1483,1483,1483,1483,1483,1483,1483,1483,1483,1483,1483,1483,1483,1483,1483,1483,1483,1483,1483,1483,1483,1483,1483,1483,1483,1483,1483,1483,1483,1483,1483,1483,1483,1483,1483,1483,1483,1483,1483,1483,1483,1483,1483,1483,1483,1483,1483,1483,1483,1483,1483,1483,1483,1483,1483,1483,1483,1483,1483,1483,1483,1483,1483,1483,1483,1483,1483,1483,1483,1483,1483,1483,1483,1483,1483,1483,1483,1483,1483,1483,1483,1483,1483,1483,1483,1483,1483,1483,1483,1483,1483,1483,1483,1483
12033,243271,373,379,383,384,387,393,400,405,413,413,414,426,432,435,440,448,448,448,448,469,472,484,487,488,488,501,506,513,518,528,528,528,536,538,541,550,562,563,563,569,580,582,585,593,593,594,598,598,604,607,608,608,608,620,620,622,628,629,629,631,632,633,635,638,638,638,638,646,646,646,649,652,652,652,654,654,659,659,659,659,659,659,659,659,663,664,664,664,664,664,664,666,669,669,669,669,670,670,671,671,672,672,675,675,674,674,675,675,675,675,675,675,675,675,675,675,677,678,678,678,679,679,680,687,688,690,690,690,690,691,692,692,692,694,697,697,697,698,698,698,698,697,697,697,700,700,700,700,700,700,700,700,704,706,706,706,706,706,706,706,706,706,706,706,706,706,706,706,706,706,706,706,706,706,706,706,706,706,706,706,706,706,706,706,706,706,706,706,706,706,706,706,706,706,706,706,706,706,706,706,706,706,706,706,706,706,706,706,706,706,706,706,706,706,706,706,706,706,706,706,706,706,706,706,706,706,706,706,706,706,706,706,706,706,706,706,706,706,706,706,706,706,706,706,706,706,706,706,706,706,706,706,706,706,706,706,706,706,706,706,706,706,706,706,706,706,706,706,706,706,706,706,706,706,706,706,706,706,706,706,706,706,706,706,706,706,706,706,706,706,706,706,706,706,706,706,706,706,706,706,706,706,706,706,706,706,706,706,706,706,706,706,706,706,706,706,706,706,706,706,706,706,706,706,706,706,706,706,706,706,706,706,706,706,706,706,706,706,706,706,706,706,706,706,706,706,706,706,706,706,706,706,706,706,706,706,706,706,706,706,706,706,706,706,706
12035,37889,48,48,48,48,48,48,48,50,50,51,52,52,52,52,52,52,53,53,53,60,60,60,60,60,60,68,69,69,70,70,70,70,71,73,73,73,73,73,75,77,77,77,77,83,83,85,85,86,86,86,86,87,87,87,87,89,89,89,92,92,92,92,92,92,92,93,94,94,94,94,94,94,94,94,94,94,94,94,94,94,94,94,94,95,96,96,96,96,96,96,96,98,99,99,100,102,102,103,102,102,102,104,102,102,105,106,106,106,106,106,106,106,109,112,113,113,109,108,110,110,111,111,111,111,109,109,110,111,111,111,110,111,110,110,110,110,110,110,110,110,110,110,110,110,110,112,112,112,112,112,112,112,113,114,114,114,114,114,114,114,114,114,114,114,114,114,114,114,114,114,114,114,114,114,114,114,114,114,114,114,114,114,114,114,114,114,114,114,114,114,114,114,114,114,114,114,114,114,114,114,114,114,114,114,114,114,114,114,114,114,114,114,114,114,114,114,114,114,114,114,114,114,114,114,114,114,114,114,114,114,114,114,114,114,114,114,114,114,114,114,114,114,114,114,114,114,114,114,114,114,114,114,114,114,114,114,114,114,114,114,114,114,114,114,114,114,114,114,114,114,114,114,114,114,114,114,114,114,114,114,114,114,114,114,114,114,114,114,114,114,114,114,114,114,114,114,114,114,114,114,114,114,114,114,114,114,114,114,114,114,114,114,114,114,114,114,114,114,114,114,114,114,114,114,114,114,114,114,114,114,114,114,114,114,114,114,114,114,114,114,114,114,114,114,114,114,114,114,114,114,114,114,114,114,114,114,114,114,114,114,114,114,114,114,114
12037,6418,4,4,4,4,4,4,4,4,4,4,4,4,4,4,4,4,4,4,4,5,6,9,9,10,10,10,10,10,10,10,10,10,10,10,10,10,10,10,10,11,11,11,11,11,12,12,12,12,12,13,13,13,13,13,13,14,14,16,17,17,17,17,17,17,17,17,17,17,17,17,17,17,17,17,17,17,17,17,17,17,17,17,17,17,17,17,17,17,17,17,17,17,17,17,17,18,18,18,18,18,18,18,17,17,17,17,17,17,17,17,17,17,17,17,17,17,17,17,17,17,17,17,17,17,17,17,17,17,17,17,17,17,18,18,18,18,19,20,20,20,20,20,20,20,20,20,20,20,20,20,20,20,20,20,20,20,20,20,20,20,20,20,20,20,20,20,20,20,20,20,20,20,20,20,20,20,20,20,20,20,20,20,20,20,20,20,20,20,20,20,20,20,20,20,20,20,20,20,20,20,20,20,20,20,20,20,20,20,20,20,20,20,20,20,20,20,20,20,20,20,20,20,20,20,20,20,20,20,20,20,20,20,20,20,20,20,20,20,20,20,20,20,20,20,20,20,20,20,20,20,20,20,20,20,20,20,20,20,20,20,20,20,20,20,20,20,20,20,20,20,20,20,20,20,20,20,20,20,20,20,20,20,20,20,20,20,20,20,20,20,20,20,20,20,20,20,20,20,20,20,20,20,20,20,20,20,20,20,20,20,20,20,20,20,20,20,20,20,20,20,20,20,20,20,20,20,20,20,20,20,20,20,20,20,20,20,20,20,20,20,20,20,20,20,20,20,20,20,20,20,20,20,20,20,20,20,20,20,20,20,20,20,20,20,20
12039,33968,59,59,60,60,60,60,60,60,61,61,61,62,62,62,63,64,64,65,65,65,65,66,67,67,68,68,68,68,69,69,70,70,70,71,72,74,75,75,75,75,75,76,77,77,77,78,78,79,80,80,81,83,83,83,83,83,83,83,84,86,87,87,87,87,87,87,89,89,89,90,90,90,90,91,91,91,91,91,92,92,92,92,92,92,92,92,92,92,92,92,92,92,92,92,92,92,92,92,91,92,92,92,92,92,92,93,93,93,94,94,94,93,93,93,93,93,93,93,93,93,94,94,94,98,98,98,98,98,98,98,99,99,99,99,99,99,99,99,99,99,99,99,99,99,99,99,101,100,100,100,100,99,99,99,99,99,99,99,99,99,99,99,99,99,99,99,99,99,99,99,99,99,99,99,99,99,99,99,99,99,99,99,99,99,99,99,99,99,99,99,99,99,99,99,99,99,99,99,99,99,99,99,99,99,99,99,99,99,99,99,99,99,99,99,99,99,99,99,99,99,99,99,99,99,99,99,99,99,99,99,99,99,99,99,99,99,99,99,99,99,99,99,99,99,99,99,99,99,99,99,99,99,99,99,99,99,99,99,99,99,99,99,99,99,99,99,99,99,99,99,99,99,99,99,99,99,99,99,99,99,99,99,99,99,99,99,99,99,99,99,99,99,99,99,99,99,99,99,99,99,99,99,99,99,99,99,99,99,99,99,99,99,99,99,99,99,99,99,99,99,99,99,99,99,99,99,99,99,99,99,99,99,99,99,99,99,99,99,99,99,99,99,99,99,99,99,99,99,99,99,99,99,99,99,99,99,99,99,99,99,99,99,99,99,99
12041,14813,23,25,25,25,25,25,25,25,25,27,27,27,27,27,27,27,28,28,28,28,28,28,28,28,28,28,28,28,28,28,28,28,28,28,28,28,28,28,28,28,28,28,28,28,29,30,30,31,31,31,31,31,31,31,33,33,33,33,35,36,36,36,36,36,36,37,37,37,37,37,37,37,37,37,37,37,37,37,37,37,37,37,37,37,37,37,37,37,38,38,38,38,38,38,38,38,38,38,39,40,40,40,40,41,41,41,42,43,43,43,43,43,43,43,43,43,43,43,43,43,43,43,43,43,43,43,44,44,44,44,44,44,44,44,44,44,44,44,44,44,44,44,44,44,44,44,44,44,44,44,44,44,44,44,44,44,44,44,44,44,44,44,44,44,44,44,44,44,44,44,44,44,44,44,44,44,44,44,44,44,44,44,44,44,44,44,44,44,44,44,44,44,44,44,44,44,44,44,44,44,44,44,44,44,44,44,44,44,44,44,44,44,44,44,44,44,44,44,44,44,44,44,44,44,44,44,44,44,44,44,44,44,44,44,44,44,44,44,44,44,44,44,44,44,44,44,44,44,44,44,44,44,44,44,44,44,44,44,44,44,44,44,44,44,44,44,44,44,44,44,44,44,44,44,44,44,44,44,44,44,44,44,44,44,44,44,44,44,44,44,44,44,44,44,44,44,44,44,44,44,44,44,44,44,44,44,44,44,44,44,44,44,44,44,44,44,44,44,44,44,44,44,44,44,44,44,44,44,44,44,44,44,44,44,44,44,44,44,44,44,44,44,44,44,44,44,44,44,44,44,44,44,44,44,44,44,44,44,44,44,44,44,44,44,44
12043,6516,11,11,11,11,11,11,11,11,11,11,11,11,12,12,12,12,12,12,12,12,12,12,12,12,12,12,13,13,13,13,13,13,13,13,13,13,13,13,13,14,14,14,14,14,15,15,15,15,15,15,15,15,15,15,15,15,15,15,15,15,15,15,15,15,16,16,16,16,16,16,16,16,16,16,16,16,16,16,19,19,19,19,19,19,19,19,19,19,19,19,19,19,19,19,19,19,19,19,19,19,19,19,19,19,19,19,19,19,19,19,19,19,19,19,19,19,19,19,19,19,19,19,19,19,19,19,19,19,19,19,19,19,19,19,19,19,19,19,19,19,19,19,19,19,19,19,19,19,19,19,19,19,19,19,19,19,19,19,19,19,19,19,19,19,19,19,19,19,19,19,19,19,19,19,19,19,19,19,19,19,19,19,19,19,19,19,19,19,19,19,19,19,19,19,19,19,19,19,19,19,19,19,19,19,19,19,19,19,19,19,19,19,19,19,19,19,19,19,19,19,19,19,19,19,19,19,19,19,19,19,19,19,19,19,19,19,19,19,19,19,19,19,19,19,19,19,19,19,19,19,19,19,19,19,19,19,19,19,19,19,19,19,19,19,19,19,19,19,19,19,19,19,19,19,19,19,19,19,19,19,19,19,19,19,19,19,19,19,19,19,19,19,19,19,19,19,19,19,19,19,19,19,19,19,19,19,19,19,19,19,19,19,19,19,19,19,19,19,19,19,19,19,19,19,19,19,19,19,19,19,19,19,19,19,19,19,19,19,19,19,19,19,19,19,19,19,19,19,19,19,19,19,19,19,19,19,19,19,19,19,19,19,19,19,19
12045,15464,27,27,27,28,28,29,29,29,29,29,29,30,30,30,31,31,31,31,31,31,31,31,31,31,32,32,32,32,32,32,32,32,32,34,34,34,35,35,35,35,35,35,35,35,35,35,35,35,35,35,36,36,37,37,37,37,39,41,41,41,41,41,41,41,41,41,41,41,41,41,41,41,41,41,41,41,41,41,41,41,41,41,41,41,41,41,41,41,42,42,42,42,42,42,42,42,42,42,42,42,42,42,42,42,42,42,42,42,42,42,43,43,43,43,43,43,42,42,42,42,42,42,42,42,43,43,43,44,44,43,43,43,43,44,44,44,44,45,45,45,45,45,45,45,45,45,45,45,45,45,45,45,45,45,45,45,45,45,45,45,45,45,45,45,45,45,45,45,45,45,45,45,45,45,45,45,45,45,45,45,45,45,45,45,45,45,45,45,45,45,45,45,45,45,45,45,45,45,45,45,45,45,45,45,45,45,45,45,45,45,45,45,45,45,45,45,45,45,45,45,45,45,45,45,45,45,45,45,45,45,45,45,45,45,45,45,45,45,45,45,45,45,45,45,45,45,45,45,45,45,45,45,45,45,45,45,45,45,45,45,45,45,45,45,45,45,45,45,45,45,45,45,45,45,45,45,45,45,45,45,45,45,45,45,45,45,45,45,45,45,45,45,45,45,45,45,45,45,45,45,45,45,45,45,45,45,45,45,45,45,45,45,45,45,45,45,45,45,45,45,45,45,45,45,45,45,45,45,45,45,45,45,45,45,45,45,45,45,45,45,45,45,45,45,45,45,45,45,45,45,45,45,45,45,45,45,45,45,45,45,45,45,45,45,45
12047,8580,15,15,15,15,15,15,15,15,15,15,15,15,15,15,15,15,15,15,15,15,15,15,15,15,15,15,15,15,16,17,17,17,17,18,18,18,18,18,18,18,21,21,21,21,21,21,21,21,21,21,21,21,21,21,21,21,21,21,21,21,21,21,22,22,22,22,22,23,23,23,23,23,23,23,23,23,23,23,23,23,23,23,23,23,23,23,23,23,23,23,23,23,23,23,23,23,23,23,23,24,24,24,24,24,24,24,24,25,25,25,25,25,25,25,25,25,25,25,25,25,25,25,25,25,25,25,25,25,25,25,25,25,25,25,25,25,25,25,25,25,25,25,25,25,25,25,25,25,25,25,25,25,25,25,25,25,25,25,25,25,25,25,25,25,25,25,25,25,25,25,25,25,25,25,25,25,25,25,25,25,25,25,25,25,25,25,25,25,25,25,25,25,25,25,25,25,25,25,25,25,25,25,25,25,25,25,25,25,25,25,25,25,25,25,25,25,25,25,25,25,25,25,25,25,25,25,25,25,25,25,25,25,25,25,25,25,25,25,25,25,25,25,25,25,25,25,25,25,25,25,25,25,25,25,25,25,25,25,25,25,25,25,25,25,25,25,25,25,25,25,25,25,25,25,25,25,25,25,25,25,25,25,25,25,25,25,25,25,25,25,25,25,25,25,25,25,25,25,25,25,25,25,25,25,25,25,25,25,25,25,25,25,25,25,25,25,25,25,25,25,25,25,25,25,25,25,25,25,25,25,25,25,25,25,25,25,25,25,25,25,25,25,25,25,25,25,25,25,25,25,25,25,25,25,25,25,25,25,25,25,25,25,25,25,25
12049,14696,20,20,20,20,21,21,21,21,21,21,21,21,21,21,21,22,22,22,22,22,22,22,22,22,23,23,23,23,23,23,23,23,24,24,24,24,24,24,24,24,24,24,25,25,25,25,26,26,26,28,28,29,29,29,29,29,29,29,29,29,30,31,31,31,31,31,31,31,31,31,31,34,34,35,35,35,35,35,37,37,37,37,37,37,37,37,37,37,38,38,39,39,39,39,39,39,40,41,42,42,42,42,42,42,42,42,42,42,42,42,42,42,42,42,42,42,42,42,42,42,43,43,43,43,43,43,43,43,44,44,44,44,44,44,44,44,44,45,45,45,45,45,45,45,45,45,45,45,45,45,45,45,45,45,45,45,45,45,45,45,45,45,45,45,45,45,45,45,45,45,45,45,45,45,45,45,45,45,45,45,45,45,45,45,45,45,45,45,45,45,45,45,45,45,45,45,45,45,45,45,45,45,45,45,45,45,45,45,45,45,45,45,45,45,45,45,45,45,45,45,45,45,45,45,45,45,45,45,45,45,45,45,45,45,45,45,45,45,45,45,45,45,45,45,45,45,45,45,45,45,45,45,45,45,45,45,45,45,45,45,45,45,45,45,45,45,45,45,45,45,45,45,45,45,45,45,45,45,45,45,45,45,45,45,45,45,45,45,45,45,45,45,45,45,45,45,45,45,45,45,45,45,45,45,45,45,45,45,45,45,45,45,45,45,45,45,45,45,45,45,45,45,45,45,45,45,45,45,45,45,45,45,45,45,45,45,45,45,45,45,45,45,45,45,45,45,45,45,45,45,45,45,45,45,45,45,45,45,45,45,45,45,45,45,45
12051,29371,49,49,49,49,50,52,52,52,52,52,52,52,53,53,53,53,53,53,53,54,55,55,55,55,55,55,55,55,55,55,55,57,57,57,57,59,60,60,60,61,61,62,62,63,64,66,66,66,66,66,67,68,68,70,71,72,72,73,73,73,73,73,73,73,74,75,76,76,76,76,76,76,76,76,76,76,76,76,76,77,77,77,77,77,77,77,77,77,77,77,77,77,77,77,77,77,77,77,77,77,77,77,77,78,78,78,79,79,79,80,80,80,80,80,80,81,81,82,82,82,82,82,82,82,83,83,83,83,83,83,83,83,83,83,83,84,84,84,84,85,85,85,85,85,85,85,86,86,86,86,86,86,86,87,87,87,87,87,87,87,87,87,87,87,87,87,87,87,87,87,87,87,87,87,87,87,87,87,87,87,87,87,87,87,87,87,87,87,87,87,87,87,87,87,87,87,87,87,87,87,87,87,87,87,87,87,87,87,87,87,87,87,87,87,87,87,87,87,87,87,87,87,87,87,87,87,87,87,87,87,87,87,87,87,87,87,87,87,87,87,87,87,87,87,87,87,87,87,87,87,87,87,87,87,87,87,87,87,87,87,87,87,87,87,87,87,87,87,87,87,87,87,87,87,87,87,87,87,87,87,87,87,87,87,87,87,87,87,87,87,87,87,87,87,87,87,87,87,87,87,87,87,87,87,87,87,87,87,87,87,87,87,87,87,87,87,87,87,87,87,87,87,87,87,87,87,87,87,87,87,87,87,87,87,87,87,87,87,87,87,87,87,87,87,87,87,87,87,87,87,87,87,87,87,87,87,87,87,87,87,87,87,87,87,87
12053,164505,278,279,281,281,285,288,287,287,287,287,290,299,301,310,311,311,312,312,322,326,327,327,327,327,327,335,336,336,338,342,342,342,347,349,353,353,353,353,355,355,363,368,368,368,368,368,369,379,385,387,389,389,394,394,395,398,398,399,399,399,403,403,403,403,403,403,404,420,422,423,430,430,430,430,431,435,435,435,435,435,435,435,435,439,439,439,439,441,441,443,443,443,443,443,443,447,447,449,447,447,447,447,447,447,447,448,448,448,448,449,450,457,459,459,459,462,460,458,459,459,459,459,459,461,463,464,464,467,467,470,468,469,469,470,471,471,473,472,476,476,480,476,476,477,477,481,481,481,481,481,481,477,480,482,482,482,482,482,482,482,482,482,482,482,482,482,482,482,482,482,482,482,482,482,482,482,482,482,482,482,482,482,482,482,482,482,482,482,482,482,482,482,482,482,482,482,482,482,482,482,482,482,482,482,482,482,482,482,482,482,482,482,482,482,482,482,482,482,482,482,482,482,482,482,482,482,482,482,482,482,482,482,482,482,482,482,482,482,482,482,482,482,482,482,482,482,482,482,482,482,482,482,482,482,482,482,482,482,482,482,482,482,482,482,482,482,482,482,482,482,482,482,482,482,482,482,482,482,482,482,482,482,482,482,482,482,482,482,482,482,482,482,482,482,482,482,482,482,482,482,482,482,482,482,482,482,482,482,482,482,482,482,482,482,482,482,482,482,482,482,482,482,482,482,482,482,482,482,482,482,482,482,482,482,482,482,482,482,482,482,482,482,482,482,482,482,482,482,482,482,482,482,482,482,482,482,482,482,482,482,482,482,482,482,482
12055,124311,204,206,206,206,208,210,212,214,217,217,220,225,225,226,227,231,232,232,232,236,237,242,244,244,244,247,250,258,259,260,263,263,263,267,266,272,274,274,280,280,282,282,282,286,286,291,291,291,292,294,297,298,298,298,298,298,299,303,307,307,307,307,308,308,308,308,308,311,311,311,311,311,311,311,311,311,312,312,313,313,313,313,314,314,316,317,317,321,321,321,321,322,323,323,323,326,328,328,330,329,329,329,331,331,332,334,335,337,338,338,340,341,341,342,342,342,343,345,349,350,351,350,351,351,351,352,356,357,357,357,357,358,358,358,360,361,361,361,361,362,365,363,363,363,364,365,365,366,366,366,366,366,366,366,366,366,366,366,366,366,366,366,366,366,366,366,366,366,366,366,366,366,366,366,366,366,366,366,366,366,366,366,366,366,366,366,366,366,366,366,366,366,366,366,366,366,366,366,366,366,366,366,366,366,366,366,366,366,366,366,366,366,366,366,366,366,366,366,366,366,366,366,366,366,366,366,366,366,366,366,366,366,366,366,366,366,366,366,366,366,366,366,366,366,366,366,366,366,366,366,366,366,366,366,366,366,366,366,366,366,366,366,366,366,366,366,366,366,366,366,366,366,366,366,366,366,366,366,366,366,366,366,366,366,366,366,366,366,366,366,366,366,366,366,366,366,366,366,366,366,366,366,366,366,366,366,366,366,366,366,366,366,366,366,366,366,366,366,366,366,366,366,366,366,366,366,366,366,366,366,366,366,366,366,366,366,366,366,366,366,366,366,366,366,366,366,366,366,366,366,366,366,366,366,366,366,366,366,366,366,366,366,366,366,366
12057,620977,1071,1084,1090,1092,1093,1102,1110,1118,1121,1121,1142,1142,1153,1165,1173,1175,1175,1197,1197,1198,1215,1220,1233,1238,1250,1258,1270,1285,1293,1293,1293,1319,1317,1336,1342,1352,1352,1353,1358,1371,1377,1387,1395,1395,1397,1402,1418,1427,1438,1447,1448,1448,1455,1465,1470,1484,1484,1498,1502,1504,1518,1521,1523,1533,1535,1535,1535,1555,1555,1555,1555,1555,1555,1555,1566,1567,1573,1576,1577,1578,1582,1582,1582,1587,1601,1601,1602,1602,1611,1614,1615,1618,1619,1619,1621,1624,1624,1630,1634,1638,1637,1637,1645,1646,1648,1648,1659,1659,1660,1658,1667,1671,1673,1679,1680,1682,1682,1694,1696,1702,1711,1713,1713,1713,1725,1732,1737,1742,1745,1746,1747,1747,1751,1757,1762,1765,1767,1770,1785,1793,1798,1802,1804,1804,1812,1816,1823,1824,1824,1824,1824,1828,1830,1832,1832,1832,1832,1832,1832,1832,1832,1832,1832,1832,1832,1832,1832,1832,1832,1832,1832,1832,1832,1832,1832,1832,1832,1832,1832,1832,1832,1832,1832,1832,1832,1832,1832,1832,1832,1832,1832,1832,1832,1832,1832,1832,1832,1832,1832,1832,1832,1832,1832,1832,1832,1832,1832,1832,1832,1832,1832,1832,1832,1832,1832,1832,1832,1832,1832,1832,1832,1832,1832,1832,1832,1832,1832,1832,1832,1832,1832,1832,1832,1832,1832,1832,1832,1832,1832,1832,1832,1832,1832,1832,1832,1832,1832,1832,1832,1832,1832,1832,1832,1832,1832,1832,1832,1832,1832,1832,1832,1832,1832,1832,1832,1832,1832,1832,1832,1832,1832,1832,1832,1832,1832,1832,1832,1832,1832,1832,1832,1832,1832,1832,1832,1832,1832,1832,1832,1832,1832,1832,1832,1832,1832,1832,1832,1832,1832,1832,1832,1832,1832,1832,1832,1832,1832,1832,1832,1832,1832,1832,1832,1832,1832,1832,1832,1832,1832,1832,1832,1832,1832,1832,1832,1832,1832,1832,1832,1832,1832,1832,1832,1832,1832,1832,1832,1832,1832,1832,1832,1832,1832,1832,1832,1832,1832,1832,1832,1832,1832,1832,1832,1832,1832,1832,1832,1832,1832,1832,1832,1832,1832,1832,1832
12059,17073,25,27,27,29,29,29,30,30,30,30,31,30,31,32,32,32,32,32,32,33,33,33,33,34,34,34,34,34,34,34,42,42,42,41,41,41,41,41,41,41,41,41,41,41,42,42,42,42,42,42,43,43,43,43,44,44,44,44,44,44,44,44,44,46,46,46,47,47,47,47,47,47,47,47,47,47,47,47,47,47,47,47,47,47,47,47,47,47,47,47,47,47,47,47,47,47,47,52,51,51,51,51,48,48,48,48,48,48,48,48,49,49,49,49,49,49,49,49,52,52,49,49,49,49,49,49,49,49,49,49,49,49,49,49,49,49,49,49,49,49,49,49,49,49,49,49,49,49,49,49,49,49,49,49,49,49,49,49,49,49,49,49,49,49,49,49,49,49,49,49,49,49,49,49,49,49,49,49,49,49,49,49,49,49,49,49,49,49,49,49,49,49,49,49,49,49,49,49,49,49,49,49,49,49,49,49,49,49,49,49,49,49,49,49,49,49,49,49,49,49,49,49,49,49,49,49,49,49,49,49,49,49,49,49,49,49,49,49,49,49,49,49,49,49,49,49,49,49,49,49,49,49,49,49,49,49,49,49,49,49,49,49,49,49,49,49,49,49,49,49,49,49,49,49,49,49,49,49,49,49,49,49,49,49,49,49,49,49,49,49,49,49,49,49,49,49,49,49,49,49,49,49,49,49,49,49,49,49,49,49,49,49,49,49,49,49,49,49,49,49,49,49,49,49,49,49,49,49,49,49,49,49,49,49,49,49,49,49,49,49,49,49,49,49,49,49,49,49,49,49,49,49,49,49,49,49,49,49,49,49,49,49,49,49,49
12061,104887,159,160,162,162,162,163,166,170,175,178,178,178,178,184,189,189,194,196,196,196,200,208,212,212,218,218,222,224,226,226,227,227,232,235,235,238,244,244,244,246,246,248,250,251,252,252,252,252,253,253,256,256,256,259,260,260,261,261,261,261,262,264,267,267,267,267,267,267,268,268,272,272,272,273,273,274,274,275,275,276,277,278,278,278,278,279,280,280,280,282,282,282,282,283,284,284,284,284,289,285,286,287,287,287,287,289,289,290,290,290,290,290,292,293,293,293,294,294,295,298,299,299,299,299,299,299,299,299,302,302,302,303,303,304,304,304,304,304,304,304,304,305,305,308,305,305,305,305,305,305,305,305,305,306,306,306,306,306,306,306,306,306,306,306,306,306,306,306,306,306,306,306,306,306,306,306,306,306,306,306,306,306,306,306,306,306,306,306,306,306,306,306,306,306,306,306,306,306,306,306,306,306,306,306,306,306,306,306,306,306,306,306,306,306,306,306,306,306,306,306,306,306,306,306,306,306,306,306,306,306,306,306,306,306,306,306,306,306,306,306,306,306,306,306,306,306,306,306,306,306,306,306,306,306,306,306,306,306,306,306,306,306,306,306,306,306,306,306,306,306,306,306,306,306,306,306,306,306,306,306,306,306,306,306,306,306,306,306,306,306,306,306,306,306,306,306,306,306,306,306,306,306,306,306,306,306,306,306,306,306,306,306,306,306,306,306,306,306,306,306,306,306,306,306,306,306,306,306,306,306,306,306,306,306,306,306,306,306,306,306,306,306,306,306,306,306,306,306,306,306,306,306,306,306,306,306,306,306,306,306,306,306,306,306,306
12063,55932,118,119,120,120,120,120,120,120,121,121,122,122,122,122,122,122,122,124,126,128,128,128,128,129,130,130,131,133,133,133,133,133,133,133,133,133,134,134,134,136,136,138,138,138,138,140,140,140,140,146,146,146,146,147,147,147,150,150,150,150,150,151,152,152,152,153,155,155,155,155,155,155,155,155,155,155,155,155,155,155,155,155,155,155,155,155,155,155,155,155,155,155,155,155,155,156,156,156,156,156,156,156,156,156,156,156,156,156,157,157,156,156,156,156,156,156,156,156,156,156,156,156,156,156,156,156,156,156,157,157,157,157,157,157,157,157,157,157,157,157,158,158,158,158,158,158,158,158,158,158,158,158,158,158,158,158,158,158,158,158,158,158,158,158,158,158,158,158,158,158,158,158,158,158,158,158,158,158,158,158,158,158,158,158,158,158,158,158,158,158,158,158,158,158,158,158,158,158,158,158,158,158,158,158,158,158,158,158,158,158,158,158,158,158,158,158,158,158,158,158,158,158,158,158,158,158,158,158,158,158,158,158,158,158,158,158,158,158,158,158,158,158,158,158,158,158,158,158,158,158,158,158,158,158,158,158,158,158,158,158,158,158,158,158,158,158,158,158,158,158,158,158,158,158,158,158,158,158,158,158,158,158,158,158,158,158,158,158,158,158,158,158,158,158,158,158,158,158,158,158,158,158,158,158,158,158,158,158,158,158,158,158,158,158,158,158,158,158,158,158,158,158,158,158,158,158,158,158,158,158,158,158,158,158,158,158,158,158,158,158,158,158,158,158,158,158,158,158,158,158,158,158,158,158,158,158,158,158,158,158,158,158,158,158,158
12065,9585,16,17,17,17,18,18,18,18,18,18,18,18,18,18,18,18,18,18,18,18,18,18,19,19,19,19,21,21,21,22,22,22,22,22,22,22,22,22,22,22,22,22,22,22,22,22,22,22,22,22,22,22,23,24,24,24,24,24,24,24,24,24,24,24,24,24,24,24,24,24,24,24,24,24,24,24,24,24,24,24,24,24,24,24,24,24,24,24,24,24,24,25,25,25,25,25,25,25,27,27,27,27,27,27,27,27,27,27,27,27,27,27,27,27,27,27,27,27,27,27,27,27,27,27,27,27,27,27,27,27,27,27,27,27,27,28,28,28,28,28,28,28,28,28,28,28,28,28,28,28,28,28,28,28,28,28,28,28,28,28,28,28,28,28,28,28,28,28,28,28,28,28,28,28,28,28,28,28,28,28,28,28,28,28,28,28,28,28,28,28,28,28,28,28,28,28,28,28,28,28,28,28,28,28,28,28,28,28,28,28,28,28,28,28,28,28,28,28,28,28,28,28,28,28,28,28,28,28,28,28,28,28,28,28,28,28,28,28,28,28,28,28,28,28,28,28,28,28,28,28,28,28,28,28,28,28,28,28,28,28,28,28,28,28,28,28,28,28,28,28,28,28,28,28,28,28,28,28,28,28,28,28,28,28,28,28,28,28,28,28,28,28,28,28,28,28,28,28,28,28,28,28,28,28,28,28,28,28,28,28,28,28,28,28,28,28,28,28,28,28,28,28,28,28,28,28,28,28,28,28,28,28,28,28,28,28,28,28,28,28,28,28,28,28,28,28,28,28,28,28,28,28,28,28,28,28,28,28,28,28,28,28,28,28,28
12067,9264,21,21,21,21,21,21,21,21,21,21,22,22,22,22,23,23,23,23,23,23,23,23,23,23,23,23,23,23,23,23,23,23,23,23,23,23,23,23,23,24,24,24,24,24,24,24,24,24,24,24,24,24,24,24,24,24,24,24,24,24,24,24,24,24,24,24,24,25,25,25,25,25,25,25,25,25,25,25,25,25,25,25,25,25,25,25,25,25,25,25,25,25,25,25,25,25,26,26,26,26,26,26,26,26,26,26,26,26,26,26,26,26,26,26,26,26,26,26,26,26,26,26,26,26,26,26,26,26,26,26,26,26,26,26,26,26,26,26,26,26,26,26,26,26,26,26,26,26,26,26,26,26,26,26,26,26,26,26,26,26,26,26,26,26,26,26,26,26,26,26,26,26,26,26,26,26,26,26,26,26,26,26,26,26,26,26,26,26,26,26,26,26,26,26,26,26,26,26,26,26,26,26,26,26,26,26,26,26,26,26,26,26,26,26,26,26,26,26,26,26,26,26,26,26,26,26,26,26,26,26,26,26,26,26,26,26,26,26,26,26,26,26,26,26,26,26,26,26,26,26,26,26,26,26,26,26,26,26,26,26,26,26,26,26,26,26,26,26,26,26,26,26,26,26,26,26,26,26,26,26,26,26,26,26,26,26,26,26,26,26,26,26,26,26,26,26,26,26,26,26,26,26,26,26,26,26,26,26,26,26,26,26,26,26,26,26,26,26,26,26,26,26,26,26,26,26,26,26,26,26,26,26,26,26,26,26,26,26,26,26,26,26,26,26,26,26,26,26,26,26,26,26,26,26,26,26,26,26,26,26,26,26,26,26,26
12069,224025,295,302,308,318,331,331,331,331,333,334,335,336,338,339,349,377,377,377,378,378,386,386,386,386,387,388,388,388,424,426,425,435,437,443,453,459,468,468,468,489,492,494,503,516,516,527,527,527,531,534,541,541,544,544,544,544,554,555,559,560,566,567,574,577,581,583,586,586,586,586,586,587,589,593,594,594,594,594,594,594,594,594,594,594,600,600,600,600,601,606,607,609,610,610,611,611,611,612,619,620,613,616,615,615,615,617,620,620,620,623,622,622,622,622,623,623,621,624,625,628,633,633,633,637,632,634,638,642,642,642,638,638,639,642,641,641,641,645,645,646,646,646,646,646,646,660,660,664,664,664,664,658,662,663,663,663,663,663,663,663,663,663,663,663,663,663,663,663,663,663,663,663,663,663,663,663,663,663,663,663,663,663,663,663,663,663,663,663,663,663,663,663,663,663,663,663,663,663,663,663,663,663,663,663,663,663,663,663,663,663,663,663,663,663,663,663,663,663,663,663,663,663,663,663,663,663,663,663,663,663,663,663,663,663,663,663,663,663,663,663,663,663,663,663,663,663,663,663,663,663,663,663,663,663,663,663,663,663,663,663,663,663,663,663,663,663,663,663,663,663,663,663,663,663,663,663,663,663,663,663,663,663,663,663,663,663,663,663,663,663,663,663,663,663,663,663,663,663,663,663,663,663,663,663,663,663,663,663,663,663,663,663,663,663,663,663,663,663,663,663,663,663,663,663,663,663,663,663,663,663,663,663,663,663,663,663,663,663,663,663,663,663,663,663,663,663,663,663,663,663,663,663,663,663,663,663,663,663,663,663,663,663,663,663,663
12071,348980,672,675,675,680,682,691,695,708,710,714,715,715,720,722,726,727,728,729,730,742,746,750,771,772,774,777,779,781,785,793,794,794,808,808,813,828,829,829,829,834,835,848,849,854,854,855,861,861,861,864,865,865,865,870,870,870,872,872,872,872,877,877,883,886,889,889,889,894,895,899,899,904,904,904,904,905,905,906,906,906,907,907,909,910,910,910,910,910,913,915,921,921,923,923,923,930,932,935,937,933,933,933,938,940,940,940,943,944,944,947,946,949,953,954,954,955,956,957,959,959,959,959,959,959,970,973,973,973,973,973,977,979,981,984,986,986,987,987,988,992,995,995,995,995,1005,1004,1004,1004,1004,1004,1004,1007,1009,1009,1009,1009,1009,1009,1009,1009,1009,1009,1009,1009,1009,1009,1009,1009,1009,1009,1009,1009,1009,1009,1009,1009,1009,1009,1009,1009,1009,1009,1009,1009,1009,1009,1009,1009,1009,1009,1009,1009,1009,1009,1009,1009,1009,1009,1009,1009,1009,1009,1009,1009,1009,1009,1009,1009,1009,1009,1009,1009,1009,1009,1009,1009,1009,1009,1009,1009,1009,1009,1009,1009,1009,1009,1009,1009,1009,1009,1009,1009,1009,1009,1009,1009,1009,1009,1009,1009,1009,1009,1009,1009,1009,1009,1009,1009,1009,1009,1009,1009,1009,1009,1009,1009,1009,1009,1009,1009,1009,1009,1009,1009,1009,1009,1009,1009,1009,1009,1009,1009,1009,1009,1009,1009,1009,1009,1009,1009,1009,1009,1009,1009,1009,1009,1009,1009,1009,1009,1009,1009,1009,1009,1009,1009,1009,1009,1009,1009,1009,1009,1009,1009,1009,1009,1009,1009,1009,1009,1009,1009,1009,1009,1009,1009,1009,1009,1009,1009,1009,1009,1009,1009,1009,1009,1009,1009,1009,1009,1009,1009,1009,1009,1009,1009,1009,1009,1009,1009,1009,1009,1009,1009,1009,1009,1009,1009,1009,1009,1009,1009,1009,1009,1009,1009,1009,1009,1009,1009,1009,1009,1009,1009,1009
12073,112998,175,175,176,176,176,177,177,182,184,184,184,188,190,192,200,201,202,203,203,204,205,207,209,209,212,218,221,224,228,230,231,235,235,239,245,248,250,250,252,252,256,258,260,260,260,266,266,266,269,272,272,272,273,273,277,277,283,283,283,283,283,286,287,293,293,293,293,293,293,293,293,293,294,294,296,297,297,298,298,298,298,301,301,301,301,301,301,309,309,309,309,309,309,309,310,310,310,310,307,307,307,307,307,307,308,308,309,309,309,309,309,310,310,311,311,312,312,315,313,314,314,317,317,317,316,320,320,319,319,320,319,319,320,321,322,322,324,323,324,324,327,327,328,328,328,328,330,329,329,329,329,333,331,332,332,332,332,332,332,332,332,332,332,332,332,332,332,332,332,332,332,332,332,332,332,332,332,332,332,332,332,332,332,332,332,332,332,332,332,332,332,332,332,332,332,332,332,332,332,332,332,332,332,332,332,332,332,332,332,332,332,332,332,332,332,332,332,332,332,332,332,332,332,332,332,332,332,332,332,332,332,332,332,332,332,332,332,332,332,332,332,332,332,332,332,332,332,332,332,332,332,332,332,332,332,332,332,332,332,332,332,332,332,332,332,332,332,332,332,332,332,332,332,332,332,332,332,332,332,332,332,332,332,332,332,332,332,332,332,332,332,332,332,332,332,332,332,332,332,332,332,332,332,332,332,332,332,332,332,332,332,332,332,332,332,332,332,332,332,332,332,332,332,332,332,332,332,332,332,332,332,332,332,332,332,332,332,332,332,332,332,332,332,332,332,332,332,332,332,332,332,332,332,332,332,332,332,332,332,332,332,332,332,332,332
12075,17865,19,20,20,20,20,20,20,21,21,22,22,22,22,22,22,22,22,22,22,22,22,22,22,23,23,23,23,23,23,23,23,24,24,24,24,24,24,24,24,24,24,24,25,25,27,29,30,30,30,31,32,33,34,34,34,35,35,35,35,36,36,39,39,40,40,41,43,43,43,43,43,43,43,43,43,43,43,43,43,43,43,43,43,43,43,43,43,43,43,43,44,44,44,44,44,44,44,45,44,45,45,46,46,47,47,48,49,49,49,49,49,49,50,50,51,51,51,52,53,53,53,54,54,54,54,54,54,54,54,54,54,54,54,54,54,54,54,54,54,54,54,54,54,55,55,55,55,55,55,55,55,56,56,56,56,56,56,56,56,56,56,56,56,56,56,56,56,56,56,56,56,56,56,56,56,56,56,56,56,56,56,56,56,56,56,56,56,56,56,56,56,56,56,56,56,56,56,56,56,56,56,56,56,56,56,56,56,56,56,56,56,56,56,56,56,56,56,56,56,56,56,56,56,56,56,56,56,56,56,56,56,56,56,56,56,56,56,56,56,56,56,56,56,56,56,56,56,56,56,56,56,56,56,56,56,56,56,56,56,56,56,56,56,56,56,56,56,56,56,56,56,56,56,56,56,56,56,56,56,56,56,56,56,56,56,56,56,56,56,56,56,56,56,56,56,56,56,56,56,56,56,56,56,56,56,56,56,56,56,56,56,56,56,56,56,56,56,56,56,56,56,56,56,56,56,56,56,56,56,56,56,56,56,56,56,56,56,56,56,56,56,56,56,56,56,56,56,56,56,56,56,56,56,56,56,56,56,56,56,56,56,56,56,56,56
12077,5749,14,14,14,14,14,14,14,14,14,14,14,14,14,14,14,14,14,14,14,14,14,14,14,14,14,14,14,14,14,14,14,14,14,14,14,14,14,14,14,14,14,14,14,14,14,14,14,14,14,14,14,14,15,15,15,15,15,15,15,15,15,16,16,16,16,16,16,16,16,16,16,16,16,16,16,16,17,17,17,17,17,17,17,17,17,17,17,17,17,17,17,17,17,17,17,17,17,17,16,16,16,16,16,16,16,16,16,16,16,16,16,16,16,16,16,16,16,16,16,16,16,16,16,16,16,16,16,16,16,16,16,16,16,16,16,16,16,16,16,16,16,16,16,16,16,16,16,16,16,16,16,16,16,16,16,16,16,16,16,16,16,16,16,16,16,16,16,16,16,16,16,16,16,16,16,16,16,16,16,16,16,16,16,16,16,16,16,16,16,16,16,16,16,16,16,16,16,16,16,16,16,16,16,16,16,16,16,16,16,16,16,16,16,16,16,16,16,16,16,16,16,16,16,16,16,16,16,16,16,16,16,16,16,16,16,16,16,16,16,16,16,16,16,16,16,16,16,16,16,16,16,16,16,16,16,16,16,16,16,16,16,16,16,16,16,16,16,16,16,16,16,16,16,16,16,16,16,16,16,16,16,16,16,16,16,16,16,16,16,16,16,16,16,16,16,16,16,16,16,16,16,16,16,16,16,16,16,16,16,16,16,16,16,16,16,16,16,16,16,16,16,16,16,16,16,16,16,16,16,16,16,16,16,16,16,16,16,16,16,16,16,16,16,16,16,16,16,16,16,16,16,16,16,16,16,16,16,16,16,16,16,16,16,16,16
12079,15865,33,33,33,33,33,33,33,33,34,34,34,34,34,34,34,34,34,35,35,36,36,36,36,37,37,37,37,37,37,37,37,37,37,37,37,37,38,39,39,39,39,39,39,39,39,39,39,39,39,39,39,40,40,40,40,42,42,42,43,43,43,43,43,43,43,43,43,43,43,43,43,43,43,43,43,43,43,43,43,43,43,43,43,43,43,43,43,44,44,44,44,44,44,44,44,44,44,44,44,44,44,44,44,44,44,44,44,44,44,44,44,44,44,44,45,45,45,45,45,45,45,45,45,45,45,45,45,45,45,45,45,45,45,45,45,45,45,45,45,45,45,45,45,45,45,45,45,45,45,45,45,45,45,45,45,45,45,45,45,45,45,45,45,45,45,45,45,45,45,45,45,45,45,45,45,45,45,45,45,45,45,45,45,45,45,45,45,45,45,45,45,45,45,45,45,45,45,45,45,45,45,45,45,45,45,45,45,45,45,45,45,45,45,45,45,45,45,45,45,45,45,45,45,45,45,45,45,45,45,45,45,45,45,45,45,45,45,45,45,45,45,45,45,45,45,45,45,45,45,45,45,45,45,45,45,45,45,45,45,45,45,45,45,45,45,45,45,45,45,45,45,45,45,45,45,45,45,45,45,45,45,45,45,45,45,45,45,45,45,45,45,45,45,45,45,45,45,45,45,45,45,45,45,45,45,45,45,45,45,45,45,45,45,45,45,45,45,45,45,45,45,45,45,45,45,45,45,45,45,45,45,45,45,45,45,45,45,45,45,45,45,45,45,45,45,45,45,45,45,45,45,45,45,45,45,45,45,45,45,45,45,45,45,45,45
12081,236798,433,434,435,436,437,438,438,439,443,443,445,448,450,453,454,456,457,461,461,464,464,484,484,487,488,493,493,495,495,495,498,499,503,503,505,506,506,508,510,510,510,513,547,547,547,547,548,564,568,570,575,577,577,577,577,577,586,592,592,595,602,607,608,609,611,612,614,624,624,624,624,626,628,629,630,630,630,630,630,630,630,630,630,632,632,633,633,635,635,635,635,635,635,635,636,636,636,637,637,637,640,645,645,646,646,648,650,652,652,653,653,653,653,655,658,660,660,660,661,661,664,666,668,668,671,671,674,675,676,677,678,678,679,679,680,681,682,682,683,683,683,684,684,685,685,688,688,687,687,687,687,688,688,689,689,689,689,689,689,689,689,689,689,689,689,689,689,689,689,689,689,689,689,689,689,689,689,689,689,689,689,689,689,689,689,689,689,689,689,689,689,689,689,689,689,689,689,689,689,689,689,689,689,689,689,689,689,689,689,689,689,689,689,689,689,689,689,689,689,689,689,689,689,689,689,689,689,689,689,689,689,689,689,689,689,689,689,689,689,689,689,689,689,689,689,689,689,689,689,689,689,689,689,689,689,689,689,689,689,689,689,689,689,689,689,689,689,689,689,689,689,689,689,689,689,689,689,689,689,689,689,689,689,689,689,689,689,689,689,689,689,689,689,689,689,689,689,689,689,689,689,689,689,689,689,689,689,689,689,689,689,689,689,689,689,689,689,689,689,689,689,689,689,689,689,689,689,689,689,689,689,689,689,689,689,689,689,689,689,689,689,689,689,689,689,689,689,689,689,689,689,689,689,689,689,689,689,689,689,689,689,689,689,689,689
12083,334902,463,474,480,485,489,495,496,498,498,504,508,516,520,525,529,534,541,551,553,556,558,560,562,567,569,570,572,574,574,575,588,601,602,607,642,649,674,674,674,674,674,674,674,674,676,677,691,700,719,722,735,741,755,771,778,780,782,784,791,803,806,815,827,844,852,855,858,867,877,882,887,887,887,888,897,900,902,904,904,905,905,911,911,912,914,916,916,916,918,919,920,923,926,926,926,927,933,933,938,937,937,938,936,939,942,943,943,943,945,944,948,948,948,948,948,948,947,947,947,947,955,955,958,958,960,964,965,966,966,968,963,967,965,970,968,968,970,971,975,978,982,987,987,988,980,980,984,984,984,984,984,985,992,996,996,996,996,996,996,996,996,996,996,996,996,996,996,996,996,996,996,996,996,996,996,996,996,996,996,996,996,996,996,996,996,996,996,996,996,996,996,996,996,996,996,996,996,996,996,996,996,996,996,996,996,996,996,996,996,996,996,996,996,996,996,996,996,996,996,996,996,996,996,996,996,996,996,996,996,996,996,996,996,996,996,996,996,996,996,996,996,996,996,996,996,996,996,996,996,996,996,996,996,996,996,996,996,996,996,996,996,996,996,996,996,996,996,996,996,996,996,996,996,996,996,996,996,996,996,996,996,996,996,996,996,996,996,996,996,996,996,996,996,996,996,996,996,996,996,996,996,996,996,996,996,996,996,996,996,996,996,996,996,996,996,996,996,996,996,996,996,996,996,996,996,996,996,996,996,996,996,996,996,996,996,996,996,996,996,996,996,996,996,996,996,996,996,996,996,996,996,996,996,996,996,996,996,996,996,996,996,996,996,996,996
12085,114664,210,210,210,210,211,211,213,217,217,218,218,218,224,226,226,228,228,228,228,228,232,236,236,236,236,236,236,236,236,238,239,239,243,243,256,256,258,258,258,262,262,262,262,268,268,269,269,269,272,273,273,273,273,273,273,273,276,284,284,284,284,292,293,294,294,294,294,294,294,294,294,295,295,295,295,295,299,299,299,299,299,299,300,301,301,302,302,302,302,302,303,304,309,309,309,309,309,311,311,311,310,310,310,311,314,314,314,314,314,314,314,313,313,313,313,313,313,313,313,320,320,320,320,320,319,319,319,319,319,319,319,321,322,322,324,324,324,324,324,325,328,328,328,328,328,330,330,330,330,330,330,331,331,335,335,335,335,335,335,335,335,335,335,335,335,335,335,335,335,335,335,335,335,335,335,335,335,335,335,335,335,335,335,335,335,335,335,335,335,335,335,335,335,335,335,335,335,335,335,335,335,335,335,335,335,335,335,335,335,335,335,335,335,335,335,335,335,335,335,335,335,335,335,335,335,335,335,335,335,335,335,335,335,335,335,335,335,335,335,335,335,335,335,335,335,335,335,335,335,335,335,335,335,335,335,335,335,335,335,335,335,335,335,335,335,335,335,335,335,335,335,335,335,335,335,335,335,335,335,335,335,335,335,335,335,335,335,335,335,335,335,335,335,335,335,335,335,335,335,335,335,335,335,335,335,335,335,335,335,335,335,335,335,335,335,335,335,335,335,335,335,335,335,335,335,335,335,335,335,335,335,335,335,335,335,335,335,335,335,335,335,335,335,335,335,335,335,335,335,335,335,335,335,335,335,335,335,335,335,335,335,335,335,335,335
12086,2222137,4188,4239,4251,4256,4257,4260,4297,4332,4365,4413,4441,4452,4472,4500,4528,4561,4595,4617,4622,4630,4644,4678,4703,4730,4747,4759,4768,4797,4817,4845,4874,4905,4907,4919,4942,4964,4979,5011,5039,5058,5062,5081,5121,5141,5170,5185,5207,5229,5242,5270,5280,5290,5314,5338,5353,5369,5396,5422,5429,5449,5481,5503,5511,5530,5554,5558,5560,5612,5619,5619,5638,5651,5660,5669,5688,5699,5710,5716,5724,5725,5728,5742,5751,5767,5792,5797,5814,5815,5845,5855,5878,5890,5900,5917,5917,5924,5930,5940,5954,5969,5981,5980,5993,5996,6014,6029,6043,6044,6049,6058,6059,6077,6089,6097,6112,6125,6130,6140,6141,6159,6175,6182,6186,6206,6207,6218,6232,6246,6252,6259,6273,6275,6278,6290,6302,6304,6319,6333,6334,6344,6363,6369,6371,6372,6399,6401,6412,6424,6424,6424,6424,6440,6457,6472,6472,6472,6472,6472,6472,6472,6472,6472,6472,6472,6472,6472,6472,6472,6472,6472,6472,6472,6472,6472,6472,6472,6472,6472,6472,6472,6472,6472,6472,6472,6472,6472,6472,6472,6472,6472,6472,6472,6472,6472,6472,6472,6472,6472,6472,6472,6472,6472,6472,6472,6472,6472,6472,6472,6472,6472,6472,6472,6472,6472,6472,6472,6472,6472,6472,6472,6472,6472,6472,6472,6472,6472,6472,6472,6472,6472,6472,6472,6472,6472,6472,6472,6472,6472,6472,6472,6472,6472,6472,6472,6472,6472,6472,6472,6472,6472,6472,6472,6472,6472,6472,6472,6472,6472,6472,6472,6472,6472,6472,6472,6472,6472,6472,6472,6472,6472,6472,6472,6472,6472,6472,6472,6472,6472,6472,6472,6472,6472,6472,6472,6472,6472,6472,6472,6472,6472,6472,6472,6472,6472,6472,6472,6472,6472,6472,6472,6472,6472,6472,6472,6472,6472,6472,6472,6472,6472,6472,6472,6472,6472,6472,6472,6472,6472,6472,6472,6472,6472,6472,6472,6472,6472,6472,6472,6472,6472,6472,6472,6472,6472,6472,6472,6472,6472,6472,6472,6472,6472,6472,6472,6472,6472,6472,6472,6472,6472,6472,6472,6472,6472,6472,6472,6472,6472,6472,6472,6472,6472,6472,6472,6472
12087,17962,35,35,35,35,35,35,36,36,36,36,36,36,36,37,37,37,37,37,37,37,39,39,39,39,39,39,40,40,40,40,40,40,40,41,41,41,42,42,42,42,42,42,42,42,42,42,44,44,44,44,44,44,44,46,46,46,46,46,46,46,46,46,46,46,46,46,46,46,47,47,47,47,47,47,47,47,48,48,48,48,48,48,48,48,48,48,48,48,48,48,49,49,49,49,49,49,49,49,49,50,50,50,50,50,50,50,50,50,50,50,50,49,49,49,49,49,49,49,49,49,49,49,49,49,49,49,49,49,49,49,49,49,49,49,49,49,49,49,49,49,50,50,50,50,50,50,50,50,50,50,50,51,51,52,52,52,52,52,52,52,52,52,52,52,52,52,52,52,52,52,52,52,52,52,52,52,52,52,52,52,52,52,52,52,52,52,52,52,52,52,52,52,52,52,52,52,52,52,52,52,52,52,52,52,52,52,52,52,52,52,52,52,52,52,52,52,52,52,52,52,52,52,52,52,52,52,52,52,52,52,52,52,52,52,52,52,52,52,52,52,52,52,52,52,52,52,52,52,52,52,52,52,52,52,52,52,52,52,52,52,52,52,52,52,52,52,52,52,52,52,52,52,52,52,52,52,52,52,52,52,52,52,52,52,52,52,52,52,52,52,52,52,52,52,52,52,52,52,52,52,52,52,52,52,52,52,52,52,52,52,52,52,52,52,52,52,52,52,52,52,52,52,52,52,52,52,52,52,52,52,52,52,52,52,52,52,52,52,52,52,52,52,52,52,52,52,52,52,52,52,52,52,52,52,52,52,52,52,52,52,52,52,52,52,52
12089,43622,66,66,66,66,67,68,68,68,70,70,70,71,71,72,73,73,73,73,73,75,78,79,79,79,79,79,84,84,91,93,94,94,95,95,95,97,97,97,97,102,102,105,105,106,106,106,107,107,107,107,107,107,107,109,109,109,112,112,112,112,112,112,112,114,116,116,116,116,116,116,116,117,117,117,118,118,118,118,118,118,118,118,118,118,121,122,122,122,122,122,122,122,122,122,122,122,122,122,121,121,121,121,123,123,123,123,124,124,124,124,124,124,124,124,124,124,124,124,124,124,124,124,124,125,125,125,125,126,126,126,125,125,125,126,126,126,126,126,126,126,126,126,126,126,126,126,126,126,126,126,126,126,126,127,127,127,127,127,127,127,127,127,127,127,127,127,127,127,127,127,127,127,127,127,127,127,127,127,127,127,127,127,127,127,127,127,127,127,127,127,127,127,127,127,127,127,127,127,127,127,127,127,127,127,127,127,127,127,127,127,127,127,127,127,127,127,127,127,127,127,127,127,127,127,127,127,127,127,127,127,127,127,127,127,127,127,127,127,127,127,127,127,127,127,127,127,127,127,127,127,127,127,127,127,127,127,127,127,127,127,127,127,127,127,127,127,127,127,127,127,127,127,127,127,127,127,127,127,127,127,127,127,127,127,127,127,127,127,127,127,127,127,127,127,127,127,127,127,127,127,127,127,127,127,127,127,127,127,127,127,127,127,127,127,127,127,127,127,127,127,127,127,127,127,127,127,127,127,127,127,127,127,127,127,127,127,127,127,127,127,127,127,127,127,127,127,127,127,127,127,127,127,127,127,127,127,127,127,127,127,127,127,127,127,127
12091,127725,231,232,232,232,232,238,240,244,248,248,248,248,251,254,257,257,263,263,263,264,264,270,276,276,277,277,277,283,284,285,286,286,286,288,292,296,296,298,299,299,301,301,307,308,311,311,311,312,312,319,319,321,321,321,322,327,327,327,327,327,327,328,328,331,333,333,334,334,336,337,339,339,341,342,342,342,342,343,343,344,344,344,344,347,348,348,351,351,351,351,351,353,353,353,353,353,355,356,356,356,356,357,357,357,357,357,358,358,359,359,359,359,359,359,361,360,361,361,361,361,361,361,361,361,361,362,362,362,362,363,363,363,363,363,363,363,363,365,365,366,366,366,366,366,366,366,366,367,367,367,367,367,367,367,367,367,367,367,367,367,367,367,367,367,367,367,367,367,367,367,367,367,367,367,367,367,367,367,367,367,367,367,367,367,367,367,367,367,367,367,367,367,367,367,367,367,367,367,367,367,367,367,367,367,367,367,367,367,367,367,367,367,367,367,367,367,367,367,367,367,367,367,367,367,367,367,367,367,367,367,367,367,367,367,367,367,367,367,367,367,367,367,367,367,367,367,367,367,367,367,367,367,367,367,367,367,367,367,367,367,367,367,367,367,367,367,367,367,367,367,367,367,367,367,367,367,367,367,367,367,367,367,367,367,367,367,367,367,367,367,367,367,367,367,367,367,367,367,367,367,367,367,367,367,367,367,367,367,367,367,367,367,367,367,367,367,367,367,367,367,367,367,367,367,367,367,367,367,367,367,367,367,367,367,367,367,367,367,367,367,367,367,367,367,367,367,367,367,367,367,367,367,367,367,367,367,367,367,367,367,367,367,367,367,367
12093,30679,51,51,51,54,54,54,54,54,54,54,54,54,55,55,56,56,56,56,56,56,56,56,56,57,57,57,57,58,62,63,64,64,64,68,68,68,68,68,68,69,69,69,69,69,69,69,69,69,69,69,70,70,71,75,75,75,75,75,78,78,78,82,82,82,82,83,83,83,83,83,83,83,83,83,83,83,83,83,83,83,83,85,85,85,85,85,85,85,85,85,85,86,86,86,86,86,86,86,87,87,87,87,87,87,87,87,87,87,87,88,88,88,88,88,88,88,88,88,88,88,88,88,88,90,89,89,89,89,89,89,89,89,89,89,89,89,89,89,89,89,89,89,89,89,89,89,89,89,89,89,89,89,89,89,89,89,89,89,89,89,89,89,89,89,89,89,89,89,89,89,89,89,89,89,89,89,89,89,89,89,89,89,89,89,89,89,89,89,89,89,89,89,89,89,89,89,89,89,89,89,89,89,89,89,89,89,89,89,89,89,89,89,89,89,89,89,89,89,89,89,89,89,89,89,89,89,89,89,89,89,89,89,89,89,89,89,89,89,89,89,89,89,89,89,89,89,89,89,89,89,89,89,89,89,89,89,89,89,89,89,89,89,89,89,89,89,89,89,89,89,89,89,89,89,89,89,89,89,89,89,89,89,89,89,89,89,89,89,89,89,89,89,89,89,89,89,89,89,89,89,89,89,89,89,89,89,89,89,89,89,89,89,89,89,89,89,89,89,89,89,89,89,89,89,89,89,89,89,89,89,89,89,89,89,89,89,89,89,89,89,89,89,89,89,89,89,89,89,89,89,89,89,89,89,89,89,89,89,89,89,89,89,89,89,89
12095,447110,749,750,750,751,763,776,777,777,777,778,797,805,819,823,824,828,846,847,850,850,857,893,893,894,895,902,913,937,937,939,940,958,959,982,990,1001,1001,1002,1002,1011,1014,1015,1015,1015,1015,1030,1054,1060,1060,1069,1071,1071,1072,1074,1076,1091,1091,1091,1094,1104,1106,1107,1116,1117,1125,1126,1126,1128,1128,1138,1139,1140,1141,1147,1149,1150,1158,1159,1161,1161,1169,1170,1170,1173,1173,1174,1175,1182,1185,1186,1189,1189,1190,1190,1198,1198,1198,1206,1210,1213,1214,1214,1214,1216,1221,1223,1224,1224,1228,1231,1231,1231,1232,1231,1231,1238,1239,1239,1246,1246,1249,1252,1252,1253,1261,1268,1270,1270,1270,1275,1274,1278,1279,1282,1283,1283,1283,1283,1288,1289,1291,1292,1293,1293,1294,1300,1300,1302,1302,1302,1302,1309,1310,1310,1310,1310,1310,1310,1310,1310,1310,1310,1310,1310,1310,1310,1310,1310,1310,1310,1310,1310,1310,1310,1310,1310,1310,1310,1310,1310,1310,1310,1310,1310,1310,1310,1310,1310,1310,1310,1310,1310,1310,1310,1310,1310,1310,1310,1310,1310,1310,1310,1310,1310,1310,1310,1310,1310,1310,1310,1310,1310,1310,1310,1310,1310,1310,1310,1310,1310,1310,1310,1310,1310,1310,1310,1310,1310,1310,1310,1310,1310,1310,1310,1310,1310,1310,1310,1310,1310,1310,1310,1310,1310,1310,1310,1310,1310,1310,1310,1310,1310,1310,1310,1310,1310,1310,1310,1310,1310,1310,1310,1310,1310,1310,1310,1310,1310,1310,1310,1310,1310,1310,1310,1310,1310,1310,1310,1310,1310,1310,1310,1310,1310,1310,1310,1310,1310,1310,1310,1310,1310,1310,1310,1310,1310,1310,1310,1310,1310,1310,1310,1310,1310,1310,1310,1310,1310,1310,1310,1310,1310,1310,1310,1310,1310,1310,1310,1310,1310,1310,1310,1310,1310,1310,1310,1310,1310,1310,1310,1310,1310,1310,1310,1310,1310,1310,1310,1310,1310,1310,1310,1310,1310,1310,1310,1310,1310,1310,1310,1310,1310,1310,1310,1310,1310,1310,1310,1310,1310,1310,1310,1310,1310,1310
12097,179933,288,290,291,291,295,297,305,305,304,307,311,311,312,326,326,330,330,330,331,331,332,333,334,334,343,356,357,358,370,374,374,381,380,379,385,384,384,384,384,396,396,399,400,400,400,402,412,414,416,417,425,425,432,432,433,435,441,441,444,448,448,448,449,453,453,459,461,461,461,462,465,467,467,470,470,471,471,473,473,473,473,473,473,479,481,481,481,482,484,485,487,487,487,487,487,487,487,488,488,489,489,489,489,490,490,490,492,492,492,492,496,496,496,496,496,499,498,498,499,500,500,500,502,508,509,509,510,510,510,513,513,515,515,515,517,517,518,518,518,518,520,520,520,520,523,523,523,525,525,525,525,527,529,529,529,529,529,529,529,529,529,529,529,529,529,529,529,529,529,529,529,529,529,529,529,529,529,529,529,529,529,529,529,529,529,529,529,529,529,529,529,529,529,529,529,529,529,529,529,529,529,529,529,529,529,529,529,529,529,529,529,529,529,529,529,529,529,529,529,529,529,529,529,529,529,529,529,529,529,529,529,529,529,529,529,529,529,529,529,529,529,529,529,529,529,529,529,529,529,529,529,529,529,529,529,529,529,529,529,529,529,529,529,529,529,529,529,529,529,529,529,529,529,529,529,529,529,529,529,529,529,529,529,529,529,529,529,529,529,529,529,529,529,529,529,529,529,529,529,529,529,529,529,529,529,529,529,529,529,529,529,529,529,529,529,529,529,529,529,529,529,529,529,529,529,529,529,529,529,529,529,529,529,529,529,529,529,529,529,529,529,529,529,529,529,529,529,529,529,529,529,529,529,529,529,529,529,529,529,529,529,529,529,529,529
12099,993560,1895,1908,1909,1921,1923,1923,1933,1943,1955,1955,1972,1975,1983,2009,2018,2033,2036,2037,2059,2061,2066,2083,2093,2098,2123,2125,2139,2152,2166,2166,2166,2167,2199,2212,2238,2249,2249,2250,2269,2277,2294,2302,2315,2322,2322,2349,2355,2362,2383,2394,2394,2394,2412,2414,2428,2443,2454,2455,2457,2480,2486,2490,2498,2510,2510,2510,2522,2523,2528,2535,2545,2545,2546,2569,2576,2586,2594,2595,2596,2596,2598,2602,2603,2626,2635,2635,2635,2644,2645,2649,2653,2659,2661,2661,2672,2676,2679,2685,2692,2692,2690,2700,2701,2704,2708,2715,2717,2717,2723,2725,2732,2738,2740,2742,2742,2751,2755,2760,2767,2770,2770,2770,2774,2775,2778,2781,2788,2788,2788,2797,2801,2808,2810,2815,2816,2816,2826,2827,2832,2837,2845,2845,2845,2853,2855,2866,2873,2875,2875,2875,2875,2881,2881,2883,2883,2883,2883,2883,2883,2883,2883,2883,2883,2883,2883,2883,2883,2883,2883,2883,2883,2883,2883,2883,2883,2883,2883,2883,2883,2883,2883,2883,2883,2883,2883,2883,2883,2883,2883,2883,2883,2883,2883,2883,2883,2883,2883,2883,2883,2883,2883,2883,2883,2883,2883,2883,2883,2883,2883,2883,2883,2883,2883,2883,2883,2883,2883,2883,2883,2883,2883,2883,2883,2883,2883,2883,2883,2883,2883,2883,2883,2883,2883,2883,2883,2883,2883,2883,2883,2883,2883,2883,2883,2883,2883,2883,2883,2883,2883,2883,2883,2883,2883,2883,2883,2883,2883,2883,2883,2883,2883,2883,2883,2883,2883,2883,2883,2883,2883,2883,2883,2883,2883,2883,2883,2883,2883,2883,2883,2883,2883,2883,2883,2883,2883,2883,2883,2883,2883,2883,2883,2883,2883,2883,2883,2883,2883,2883,2883,2883,2883,2883,2883,2883,2883,2883,2883,2883,2883,2883,2883,2883,2883,2883,2883,2883,2883,2883,2883,2883,2883,2883,2883,2883,2883,2883,2883,2883,2883,2883,2883,2883,2883,2883,2883,2883,2883,2883,2883,2883,2883,2883,2883,2883,2883,2883,2883,2883,2883,2883,2883,2883,2883,2883,2883,2883,2883,2883,2883,2883,2883,2883,2883,2883,2883
12101,268806,376,385,391,393,393,397,402,404,405,406,410,423,424,446,448,453,453,453,466,470,471,482,494,494,494,516,516,519,539,539,539,556,561,560,576,577,577,577,578,591,597,597,600,602,602,602,614,619,623,630,631,632,632,636,641,641,646,647,649,649,658,661,664,664,664,664,665,667,667,668,668,671,672,672,672,676,679,680,680,681,681,681,681,682,687,687,687,687,692,692,693,697,697,697,697,697,698,699,702,703,703,703,713,714,716,717,719,719,719,724,727,727,729,735,735,735,738,738,739,743,743,743,743,745,753,753,759,764,765,765,768,770,768,768,768,768,769,777,777,778,778,778,778,778,778,778,779,781,781,781,781,800,800,802,802,802,802,802,802,802,802,802,802,802,802,802,802,802,802,802,802,802,802,802,802,802,802,802,802,802,802,802,802,802,802,802,802,802,802,802,802,802,802,802,802,802,802,802,802,802,802,802,802,802,802,802,802,802,802,802,802,802,802,802,802,802,802,802,802,802,802,802,802,802,802,802,802,802,802,802,802,802,802,802,802,802,802,802,802,802,802,802,802,802,802,802,802,802,802,802,802,802,802,802,802,802,802,802,802,802,802,802,802,802,802,802,802,802,802,802,802,802,802,802,802,802,802,802,802,802,802,802,802,802,802,802,802,802,802,802,802,802,802,802,802,802,802,802,802,802,802,802,802,802,802,802,802,802,802,802,802,802,802,802,802,802,802,802,802,802,802,802,802,802,802,802,802,802,802,802,802,802,802,802,802,802,802,802,802,802,802,802,802,802,802,802,802,802,802,802,802,802,802,802,802,802,802,802,802,802,802,802,802,802,802
12103,577568,1049,1052,1066,1079,1086,1106,1114,1117,1121,1128,1129,1132,1149,1157,1169,1173,1175,1184,1202,1206,1208,1209,1220,1224,1252,1263,1269,1276,1288,1288,1289,1304,1305,1307,1312,1330,1331,1335,1345,1345,1357,1372,1372,1372,1372,1372,1384,1385,1397,1411,1414,1414,1429,1430,1432,1433,1438,1440,1441,1451,1456,1463,1465,1472,1474,1480,1481,1482,1482,1482,1487,1501,1501,1510,1520,1522,1522,1524,1524,1524,1526,1529,1531,1536,1561,1561,1561,1561,1561,1561,1561,1561,1561,1561,1561,1561,1561,1561,1565,1565,1563,1565,1570,1569,1576,1575,1578,1578,1579,1580,1587,1587,1589,1592,1592,1596,1596,1598,1600,1608,1609,1609,1613,1618,1619,1623,1624,1629,1629,1633,1635,1639,1638,1639,1639,1642,1649,1646,1648,1654,1655,1656,1656,1656,1657,1661,1665,1667,1667,1667,1667,1670,1671,1671,1671,1671,1671,1671,1671,1671,1671,1671,1671,1671,1671,1671,1671,1671,1671,1671,1671,1671,1671,1671,1671,1671,1671,1671,1671,1671,1671,1671,1671,1671,1671,1671,1671,1671,1671,1671,1671,1671,1671,1671,1671,1671,1671,1671,1671,1671,1671,1671,1671,1671,1671,1671,1671,1671,1671,1671,1671,1671,1671,1671,1671,1671,1671,1671,1671,1671,1671,1671,1671,1671,1671,1671,1671,1671,1671,1671,1671,1671,1671,1671,1671,1671,1671,1671,1671,1671,1671,1671,1671,1671,1671,1671,1671,1671,1671,1671,1671,1671,1671,1671,1671,1671,1671,1671,1671,1671,1671,1671,1671,1671,1671,1671,1671,1671,1671,1671,1671,1671,1671,1671,1671,1671,1671,1671,1671,1671,1671,1671,1671,1671,1671,1671,1671,1671,1671,1671,1671,1671,1671,1671,1671,1671,1671,1671,1671,1671,1671,1671,1671,1671,1671,1671,1671,1671,1671,1671,1671,1671,1671,1671,1671,1671,1671,1671,1671,1671,1671,1671,1671,1671,1671,1671,1671,1671,1671,1671,1671,1671,1671,1671,1671,1671,1671,1671,1671,1671,1671,1671,1671,1671,1671,1671,1671,1671,1671,1671,1671,1671,1671,1671,1671,1671,1671,1671,1671,1671,1671,1671,1671,1671,1671
12105,471341,790,791,791,791,809,814,821,828,834,834,835,863,868,874,884,887,891,891,895,909,914,920,928,929,929,942,953,960,964,967,967,967,977,979,991,1008,1008,1008,1008,1029,1030,1050,1050,1056,1056,1057,1077,1087,1094,1101,1107,1107,1108,1116,1133,1133,1137,1139,1139,1140,1150,1152,1164,1164,1174,1175,1176,1181,1183,1191,1191,1194,1194,1194,1204,1204,1209,1219,1219,1219,1220,1221,1221,1221,1236,1237,1237,1237,1247,1254,1260,1267,1267,1267,1267,1284,1284,1292,1271,1275,1273,1273,1275,1275,1276,1285,1283,1283,1283,1291,1296,1292,1294,1295,1296,1297,1301,1302,1304,1309,1310,1310,1310,1319,1322,1324,1332,1331,1331,1335,1337,1337,1339,1340,1343,1344,1345,1352,1354,1355,1360,1362,1362,1362,1372,1373,1377,1378,1378,1378,1378,1391,1386,1387,1387,1387,1387,1387,1387,1387,1387,1387,1387,1387,1387,1387,1387,1387,1387,1387,1387,1387,1387,1387,1387,1387,1387,1387,1387,1387,1387,1387,1387,1387,1387,1387,1387,1387,1387,1387,1387,1387,1387,1387,1387,1387,1387,1387,1387,1387,1387,1387,1387,1387,1387,1387,1387,1387,1387,1387,1387,1387,1387,1387,1387,1387,1387,1387,1387,1387,1387,1387,1387,1387,1387,1387,1387,1387,1387,1387,1387,1387,1387,1387,1387,1387,1387,1387,1387,1387,1387,1387,1387,1387,1387,1387,1387,1387,1387,1387,1387,1387,1387,1387,1387,1387,1387,1387,1387,1387,1387,1387,1387,1387,1387,1387,1387,1387,1387,1387,1387,1387,1387,1387,1387,1387,1387,1387,1387,1387,1387,1387,1387,1387,1387,1387,1387,1387,1387,1387,1387,1387,1387,1387,1387,1387,1387,1387,1387,1387,1387,1387,1387,1387,1387,1387,1387,1387,1387,1387,1387,1387,1387,1387,1387,1387,1387,1387,1387,1387,1387,1387,1387,1387,1387,1387,1387,1387,1387,1387,1387,1387,1387,1387,1387,1387,1387,1387,1387,1387,1387,1387,1387,1387,1387,1387,1387,1387,1387,1387,1387,1387,1387,1387,1387,1387,1387,1387,1387,1387,1387,1387,1387,1387,1387
12107,53126,72,74,76,80,80,80,83,84,85,86,86,86,86,87,87,87,89,89,91,92,92,92,96,96,96,96,96,98,98,101,101,103,103,103,103,104,104,106,106,107,109,109,110,113,113,117,118,119,119,120,120,122,122,123,123,123,126,126,126,127,127,127,128,128,130,130,130,131,131,131,131,133,133,133,133,133,133,133,133,133,133,133,133,133,133,134,135,135,135,135,135,135,135,135,135,135,136,136,136,136,136,136,136,136,137,138,138,138,138,138,138,140,140,141,141,143,144,145,145,145,145,145,148,148,148,148,148,148,148,148,150,151,152,152,152,153,153,153,154,154,154,154,154,154,156,156,158,158,158,158,158,158,159,160,160,160,160,160,160,160,160,160,160,160,160,160,160,160,160,160,160,160,160,160,160,160,160,160,160,160,160,160,160,160,160,160,160,160,160,160,160,160,160,160,160,160,160,160,160,160,160,160,160,160,160,160,160,160,160,160,160,160,160,160,160,160,160,160,160,160,160,160,160,160,160,160,160,160,160,160,160,160,160,160,160,160,160,160,160,160,160,160,160,160,160,160,160,160,160,160,160,160,160,160,160,160,160,160,160,160,160,160,160,160,160,160,160,160,160,160,160,160,160,160,160,160,160,160,160,160,160,160,160,160,160,160,160,160,160,160,160,160,160,160,160,160,160,160,160,160,160,160,160,160,160,160,160,160,160,160,160,160,160,160,160,160,160,160,160,160,160,160,160,160,160,160,160,160,160,160,160,160,160,160,160,160,160,160,160,160,160,160,160,160,160,160,160,160,160,160,160,160,160,160,160,160,160,160,160,160,160,160,160,160,160
12109,75662,113,115,115,117,117,118,118,119,120,123,129,129,129,130,134,136,138,140,140,143,145,146,151,154,155,157,158,160,161,164,166,167,170,170,173,174,175,175,175,175,176,180,180,182,182,182,182,182,182,184,185,186,188,188,188,189,191,195,197,198,198,198,199,199,200,200,200,200,200,200,200,200,200,200,200,200,201,201,201,201,201,201,201,201,202,204,204,204,204,204,204,204,204,204,204,204,204,204,203,203,203,203,203,203,206,206,206,206,206,206,206,207,207,207,208,208,207,207,209,209,209,209,209,209,210,210,211,211,211,211,211,212,214,214,214,214,214,218,217,220,220,219,219,219,221,221,221,221,221,221,221,221,221,221,221,221,221,221,221,221,221,221,221,221,221,221,221,221,221,221,221,221,221,221,221,221,221,221,221,221,221,221,221,221,221,221,221,221,221,221,221,221,221,221,221,221,221,221,221,221,221,221,221,221,221,221,221,221,221,221,221,221,221,221,221,221,221,221,221,221,221,221,221,221,221,221,221,221,221,221,221,221,221,221,221,221,221,221,221,221,221,221,221,221,221,221,221,221,221,221,221,221,221,221,221,221,221,221,221,221,221,221,221,221,221,221,221,221,221,221,221,221,221,221,221,221,221,221,221,221,221,221,221,221,221,221,221,221,221,221,221,221,221,221,221,221,221,221,221,221,221,221,221,221,221,221,221,221,221,221,221,221,221,221,221,221,221,221,221,221,221,221,221,221,221,221,221,221,221,221,221,221,221,221,221,221,221,221,221,221,221,221,221,221,221,221,221,221,221,221,221,221,221,221,221,221,221,221,221,221,221,221,221,221,221
12111,224647,405,406,409,409,414,417,424,428,430,430,430,438,438,441,448,449,454,454,459,461,463,465,470,470,471,478,478,481,483,483,488,488,490,497,501,501,508,508,508,516,516,521,522,522,522,522,523,523,523,526,527,527,528,532,536,543,544,547,547,547,550,551,551,551,551,551,551,552,552,553,555,556,556,556,560,562,563,567,569,569,569,571,573,573,577,577,584,584,584,587,589,591,594,594,594,598,599,601,602,607,604,604,606,606,609,609,611,611,611,611,619,620,620,621,621,621,621,621,624,626,626,626,626,626,631,632,637,638,638,638,640,640,640,641,641,641,641,641,644,644,644,648,649,650,651,651,651,654,654,654,654,656,657,657,657,657,657,657,657,657,657,657,657,657,657,657,657,657,657,657,657,657,657,657,657,657,657,657,657,657,657,657,657,657,657,657,657,657,657,657,657,657,657,657,657,657,657,657,657,657,657,657,657,657,657,657,657,657,657,657,657,657,657,657,657,657,657,657,657,657,657,657,657,657,657,657,657,657,657,657,657,657,657,657,657,657,657,657,657,657,657,657,657,657,657,657,657,657,657,657,657,657,657,657,657,657,657,657,657,657,657,657,657,657,657,657,657,657,657,657,657,657,657,657,657,657,657,657,657,657,657,657,657,657,657,657,657,657,657,657,657,657,657,657,657,657,657,657,657,657,657,657,657,657,657,657,657,657,657,657,657,657,657,657,657,657,657,657,657,657,657,657,657,657,657,657,657,657,657,657,657,657,657,657,657,657,657,657,657,657,657,657,657,657,657,657,657,657,657,657,657,657,657,657,657,657,657,657,657,657,657,657,657,657,657
12113,100204,128,130,130,130,137,142,143,148,155,155,155,157,164,169,174,177,177,177,178,189,194,195,195,195,195,206,209,209,209,211,215,215,215,217,217,222,222,222,222,234,237,237,238,241,243,243,244,246,247,250,250,251,251,252,256,256,257,262,262,262,262,262,267,267,267,267,269,270,271,274,274,274,274,276,276,276,276,276,276,276,276,276,276,276,277,278,278,278,278,278,278,278,278,278,278,278,279,279,279,279,279,279,282,282,282,282,282,282,282,283,284,284,284,284,284,284,284,284,284,285,285,285,285,286,287,287,287,287,287,287,290,290,290,290,291,291,291,291,291,291,291,291,291,291,291,291,291,291,291,291,291,291,291,291,291,291,291,291,291,291,291,291,291,291,291,291,291,291,291,291,291,291,291,291,291,291,291,291,291,291,291,291,291,291,291,291,291,291,291,291,291,291,291,291,291,291,291,291,291,291,291,291,291,291,291,291,291,291,291,291,291,291,291,291,291,291,291,291,291,291,291,291,291,291,291,291,291,291,291,291,291,291,291,291,291,291,291,291,291,291,291,291,291,291,291,291,291,291,291,291,291,291,291,291,291,291,291,291,291,291,291,291,291,291,291,291,291,291,291,291,291,291,291,291,291,291,291,291,291,291,291,291,291,291,291,291,291,291,291,291,291,291,291,291,291,291,291,291,291,291,291,291,291,291,291,291,291,291,291,291,291,291,291,291,291,291,291,291,291,291,291,291,291,291,291,291,291,291,291,291,291,291,291,291,291,291,291,291,291,291,291,291,291,291,291,291,291,291,291,291,291,291,291,291,291,291,291,291,291,291,291,291,291,291,291
12115,290707,509,512,512,512,514,514,514,539,539,541,541,544,544,556,557,560,563,563,563,563,563,692,602,605,606,606,610,615,624,624,624,624,625,638,651,651,651,651,651,671,674,676,676,676,676,676,701,701,701,704,715,715,718,725,725,730,730,742,742,742,743,747,749,749,750,750,750,750,751,751,751,751,751,751,751,751,751,751,775,776,777,777,777,777,785,785,785,785,785,787,787,791,791,791,791,793,795,795,798,799,800,800,804,804,804,805,805,805,806,808,808,807,807,807,807,807,809,811,811,812,812,812,812,812,820,820,822,822,822,822,825,825,827,828,829,829,829,829,829,837,834,834,834,834,833,835,842,842,842,842,842,843,843,844,844,844,844,844,844,844,844,844,844,844,844,844,844,844,844,844,844,844,844,844,844,844,844,844,844,844,844,844,844,844,844,844,844,844,844,844,844,844,844,844,844,844,844,844,844,844,844,844,844,844,844,844,844,844,844,844,844,844,844,844,844,844,844,844,844,844,844,844,844,844,844,844,844,844,844,844,844,844,844,844,844,844,844,844,844,844,844,844,844,844,844,844,844,844,844,844,844,844,844,844,844,844,844,844,844,844,844,844,844,844,844,844,844,844,844,844,844,844,844,844,844,844,844,844,844,844,844,844,844,844,844,844,844,844,844,844,844,844,844,844,844,844,844,844,844,844,844,844,844,844,844,844,844,844,844,844,844,844,844,844,844,844,844,844,844,844,844,844,844,844,844,844,844,844,844,844,844,844,844,844,844,844,844,844,844,844,844,844,844,844,844,844,844,844,844,844,844,844,844,844,844,844,844,844,844,844,844,844,844,844,844
12117,175953,314,316,316,316,317,317,319,320,320,320,324,326,329,333,335,335,335,340,340,341,346,353,353,358,358,359,363,369,372,373,373,378,382,382,385,386,387,387,389,389,394,396,398,398,399,404,404,405,405,410,411,411,418,418,419,422,422,423,423,430,430,434,437,438,442,442,442,442,443,443,444,445,445,448,448,448,449,449,449,449,449,449,450,463,463,463,463,466,466,466,468,468,468,468,470,470,471,472,472,472,472,473,473,475,476,477,478,478,480,480,482,482,480,480,480,486,486,487,488,488,488,489,493,493,495,497,499,499,499,499,501,501,501,503,503,503,504,504,507,508,509,509,509,509,509,510,510,512,512,512,512,516,516,516,516,516,516,516,516,516,516,516,516,516,516,516,516,516,516,516,516,516,516,516,516,516,516,516,516,516,516,516,516,516,516,516,516,516,516,516,516,516,516,516,516,516,516,516,516,516,516,516,516,516,516,516,516,516,516,516,516,516,516,516,516,516,516,516,516,516,516,516,516,516,516,516,516,516,516,516,516,516,516,516,516,516,516,516,516,516,516,516,516,516,516,516,516,516,516,516,516,516,516,516,516,516,516,516,516,516,516,516,516,516,516,516,516,516,516,516,516,516,516,516,516,516,516,516,516,516,516,516,516,516,516,516,516,516,516,516,516,516,516,516,516,516,516,516,516,516,516,516,516,516,516,516,516,516,516,516,516,516,516,516,516,516,516,516,516,516,516,516,516,516,516,516,516,516,516,516,516,516,516,516,516,516,516,516,516,516,516,516,516,516,516,516,516,516,516,516,516,516,516,516,516,516,516,516,516,516,516,516,516,516,516
12119,95644,120,121,122,122,122,122,122,122,122,122,122,124,124,125,126,156,157,157,157,163,169,169,169,169,169,177,177,186,186,186,186,186,186,187,187,206,206,207,207,214,215,215,215,215,215,219,224,224,224,226,226,226,233,234,234,235,238,238,238,238,238,241,243,243,243,243,244,244,244,244,244,244,244,244,244,244,244,244,244,244,244,244,244,244,244,244,244,244,258,258,258,258,261,261,261,262,263,263,263,264,263,264,266,266,266,269,269,269,270,272,273,273,273,273,273,273,275,275,275,275,275,275,275,275,275,275,277,277,278,279,278,278,278,278,278,278,278,278,278,278,279,279,279,279,279,280,281,281,281,281,281,282,283,284,284,284,284,284,284,284,284,284,284,284,284,284,284,284,284,284,284,284,284,284,284,284,284,284,284,284,284,284,284,284,284,284,284,284,284,284,284,284,284,284,284,284,284,284,284,284,284,284,284,284,284,284,284,284,284,284,284,284,284,284,284,284,284,284,284,284,284,284,284,284,284,284,284,284,284,284,284,284,284,284,284,284,284,284,284,284,284,284,284,284,284,284,284,284,284,284,284,284,284,284,284,284,284,284,284,284,284,284,284,284,284,284,284,284,284,284,284,284,284,284,284,284,284,284,284,284,284,284,284,284,284,284,284,284,284,284,284,284,284,284,284,284,284,284,284,284,284,284,284,284,284,284,284,284,284,284,284,284,284,284,284,284,284,284,284,284,284,284,284,284,284,284,284,284,284,284,284,284,284,284,284,284,284,284,284,284,284,284,284,284,284,284,284,284,284,284,284,284,284,284,284,284,284,284,284,284,284,284,284,284,284
12121,49099,95,95,95,95,95,95,95,95,95,95,95,96,96,96,100,100,100,101,101,101,101,101,106,106,108,113,114,115,115,117,117,118,118,118,118,118,118,118,118,118,118,119,119,119,119,119,125,125,125,125,125,125,126,131,131,131,131,131,131,133,133,133,133,133,133,133,133,134,134,134,135,135,135,135,135,135,135,135,135,135,135,135,135,135,135,135,135,135,135,135,135,135,135,135,135,136,136,136,136,137,137,137,137,137,137,138,138,138,137,137,137,137,137,137,137,137,138,138,138,138,138,138,138,138,138,138,138,139,139,139,138,138,138,138,138,138,138,138,138,138,138,138,138,138,138,138,139,139,139,139,139,139,139,140,140,140,140,140,140,140,140,140,140,140,140,140,140,140,140,140,140,140,140,140,140,140,140,140,140,140,140,140,140,140,140,140,140,140,140,140,140,140,140,140,140,140,140,140,140,140,140,140,140,140,140,140,140,140,140,140,140,140,140,140,140,140,140,140,140,140,140,140,140,140,140,140,140,140,140,140,140,140,140,140,140,140,140,140,140,140,140,140,140,140,140,140,140,140,140,140,140,140,140,140,140,140,140,140,140,140,140,140,140,140,140,140,140,140,140,140,140,140,140,140,140,140,140,140,140,140,140,140,140,140,140,140,140,140,140,140,140,140,140,140,140,140,140,140,140,140,140,140,140,140,140,140,140,140,140,140,140,140,140,140,140,140,140,140,140,140,140,140,140,140,140,140,140,140,140,140,140,140,140,140,140,140,140,140,140,140,140,140,140,140,140,140,140,140,140,140,140,140,140,140,140,140,140,140,140,140,140,140,140,140,140
12123,16427,25,26,26,27,27,27,28,28,28,28,28,28,28,28,29,29,30,30,30,30,32,32,32,33,33,33,33,34,34,34,34,35,35,35,35,35,35,35,35,37,37,37,38,38,38,39,39,39,40,41,41,41,41,41,41,41,41,42,42,42,42,42,42,42,42,42,42,42,42,42,42,42,42,43,43,43,43,43,43,44,45,45,45,45,45,45,45,45,45,45,45,45,45,45,45,45,45,45,45,45,45,45,45,45,45,45,45,45,45,45,45,45,45,45,45,45,45,45,45,45,46,46,46,48,47,47,47,47,47,47,47,47,47,47,47,47,47,47,47,47,48,48,48,48,48,48,49,48,48,48,48,48,48,48,48,48,48,48,48,48,48,48,48,48,48,48,48,48,48,48,48,48,48,48,48,48,48,48,48,48,48,48,48,48,48,48,48,48,48,48,48,48,48,48,48,48,48,48,48,48,48,48,48,48,48,48,48,48,48,48,48,48,48,48,48,48,48,48,48,48,48,48,48,48,48,48,48,48,48,48,48,48,48,48,48,48,48,48,48,48,48,48,48,48,48,48,48,48,48,48,48,48,48,48,48,48,48,48,48,48,48,48,48,48,48,48,48,48,48,48,48,48,48,48,48,48,48,48,48,48,48,48,48,48,48,48,48,48,48,48,48,48,48,48,48,48,48,48,48,48,48,48,48,48,48,48,48,48,48,48,48,48,48,48,48,48,48,48,48,48,48,48,48,48,48,48,48,48,48,48,48,48,48,48,48,48,48,48,48,48,48,48,48,48,48,48,48,48,48,48,48,48,48,48,48,48,48,48,48,48,48,48,48,48,48
12125,26495,65,65,65,65,65,65,65,67,66,66,66,66,68,68,68,69,69,69,70,70,70,70,70,70,70,70,70,70,70,70,70,70,70,70,70,70,70,70,70,70,70,70,70,70,70,70,70,70,70,70,70,70,70,70,70,70,70,70,70,70,70,70,70,70,70,70,70,70,70,70,70,70,70,70,70,70,70,70,70,70,70,71,71,71,71,71,71,71,71,71,71,71,71,71,71,71,71,71,71,71,71,71,71,71,71,71,71,71,71,71,71,71,71,71,71,71,72,72,72,72,72,72,72,72,73,73,73,73,73,73,73,74,74,74,74,74,74,74,74,74,74,74,74,74,74,74,74,74,74,74,74,74,74,74,74,74,74,74,74,74,74,74,74,74,74,74,74,74,74,74,74,74,74,74,74,74,74,74,74,74,74,74,74,74,74,74,74,74,74,74,74,74,74,74,74,74,74,74,74,74,74,74,74,74,74,74,74,74,74,74,74,74,74,74,74,74,74,74,74,74,74,74,74,74,74,74,74,74,74,74,74,74,74,74,74,74,74,74,74,74,74,74,74,74,74,74,74,74,74,74,74,74,74,74,74,74,74,74,74,74,74,74,74,74,74,74,74,74,74,74,74,74,74,74,74,74,74,74,74,74,74,74,74,74,74,74,74,74,74,74,74,74,74,74,74,74,74,74,74,74,74,74,74,74,74,74,74,74,74,74,74,74,74,74,74,74,74,74,74,74,74,74,74,74,74,74,74,74,74,74,74,74,74,74,74,74,74,74,74,74,74,74,74,74,74,74,74,74,74,74,74,74,74,74,74,74,74,74,74,74,74,74,74,74,74
12127,282206,449,454,455,457,458,458,460,461,462,462,466,466,467,470,470,472,473,476,478,478,485,492,492,497,497,498,528,534,534,534,535,535,535,540,541,542,550,550,551,565,592,596,604,604,604,609,611,622,624,633,633,634,635,642,645,650,654,654,655,663,665,666,671,675,677,677,684,684,684,684,686,686,687,693,694,695,697,697,697,697,697,698,700,703,711,711,711,716,716,717,717,723,726,726,727,730,732,736,738,739,739,740,749,753,757,760,761,762,762,768,773,775,777,780,780,780,786,787,788,788,792,792,796,796,797,803,801,804,804,804,808,808,811,813,813,814,816,824,823,825,834,832,832,833,833,834,838,840,840,840,840,844,844,846,846,846,846,846,846,846,846,846,846,846,846,846,846,846,846,846,846,846,846,846,846,846,846,846,846,846,846,846,846,846,846,846,846,846,846,846,846,846,846,846,846,846,846,846,846,846,846,846,846,846,846,846,846,846,846,846,846,846,846,846,846,846,846,846,846,846,846,846,846,846,846,846,846,846,846,846,846,846,846,846,846,846,846,846,846,846,846,846,846,846,846,846,846,846,846,846,846,846,846,846,846,846,846,846,846,846,846,846,846,846,846,846,846,846,846,846,846,846,846,846,846,846,846,846,846,846,846,846,846,846,846,846,846,846,846,846,846,846,846,846,846,846,846,846,846,846,846,846,846,846,846,846,846,846,846,846,846,846,846,846,846,846,846,846,846,846,846,846,846,846,846,846,846,846,846,846,846,846,846,846,846,846,846,846,846,846,846,846,846,846,846,846,846,846,846,846,846,846,846,846,846,846,846,846,846,846,846,846,846,846,846
12129,19293,25,25,25,25,25,25,25,25,25,26,26,28,29,31,32,32,32,32,33,34,36,36,38,38,38,38,38,38,41,41,41,41,41,41,41,42,42,42,43,43,44,44,48,51,51,51,51,51,51,51,51,51,51,51,51,51,51,51,52,52,52,52,52,52,52,52,52,52,52,52,52,52,52,52,52,52,52,52,52,53,53,53,53,53,54,55,55,55,55,55,55,55,55,55,55,55,55,55,55,55,55,55,54,54,54,54,54,54,54,54,54,54,54,54,54,54,54,54,55,55,55,55,55,55,55,55,55,56,56,56,56,56,56,56,56,56,56,56,56,56,56,56,56,56,56,56,56,56,56,56,56,56,56,56,56,56,56,56,56,56,56,56,56,56,56,56,56,56,56,56,56,56,56,56,56,56,56,56,56,56,56,56,56,56,56,56,56,56,56,56,56,56,56,56,56,56,56,56,56,56,56,56,56,56,56,56,56,56,56,56,56,56,56,56,56,56,56,56,56,56,56,56,56,56,56,56,56,56,56,56,56,56,56,56,56,56,56,56,56,56,56,56,56,56,56,56,56,56,56,56,56,56,56,56,56,56,56,56,56,56,56,56,56,56,56,56,56,56,56,56,56,56,56,56,56,56,56,56,56,56,56,56,56,56,56,56,56,56,56,56,56,56,56,56,56,56,56,56,56,56,56,56,56,56,56,56,56,56,56,56,56,56,56,56,56,56,56,56,56,56,56,56,56,56,56,56,56,56,56,56,56,56,56,56,56,56,56,56,56,56,56,56,56,56,56,56,56,56,56,56,56,56,56,56,56,56,56,56,56,56,56,56,56,56,56
12131,30839,48,48,50,50,50,51,52,56,56,57,57,57,58,59,59,59,59,60,60,60,61,62,63,63,63,64,66,66,67,67,68,68,68,69,69,71,73,73,73,74,76,76,76,76,76,76,79,79,79,81,82,82,82,82,82,82,82,82,82,82,82,82,82,82,82,82,82,82,82,82,82,82,82,82,82,82,82,82,82,82,82,82,82,82,83,83,83,83,83,83,83,83,83,83,83,84,84,84,85,85,85,85,85,85,85,86,86,87,87,87,87,87,87,87,87,87,88,87,87,87,87,87,87,87,87,87,87,88,87,87,87,87,87,87,87,87,87,88,88,88,88,88,88,88,88,88,89,88,88,88,88,89,89,89,89,89,89,89,89,89,89,89,89,89,89,89,89,89,89,89,89,89,89,89,89,89,89,89,89,89,89,89,89,89,89,89,89,89,89,89,89,89,89,89,89,89,89,89,89,89,89,89,89,89,89,89,89,89,89,89,89,89,89,89,89,89,89,89,89,89,89,89,89,89,89,89,89,89,89,89,89,89,89,89,89,89,89,89,89,89,89,89,89,89,89,89,89,89,89,89,89,89,89,89,89,89,89,89,89,89,89,89,89,89,89,89,89,89,89,89,89,89,89,89,89,89,89,89,89,89,89,89,89,89,89,89,89,89,89,89,89,89,89,89,89,89,89,89,89,89,89,89,89,89,89,89,89,89,89,89,89,89,89,89,89,89,89,89,89,89,89,89,89,89,89,89,89,89,89,89,89,89,89,89,89,89,89,89,89,89,89,89,89,89,89,89,89,89,89,89,89,89,89,89,89,89,89,89,89,89,89,89,89,89,89
12133,17795,30,30,30,30,30,30,30,30,30,30,30,30,30,30,30,30,30,30,30,30,30,30,30,30,31,31,31,32,32,32,34,35,35,35,35,35,37,37,37,37,37,38,39,39,39,39,39,40,40,41,41,41,41,41,41,41,47,47,48,48,48,48,48,48,48,48,48,48,48,48,48,48,48,48,48,48,48,48,48,48,48,48,49,49,49,49,49,50,50,50,50,50,50,50,50,50,50,50,50,50,50,50,50,51,51,51,51,51,51,51,51,51,51,51,51,51,51,51,52,52,51,51,51,51,51,51,51,51,52,52,52,52,52,52,52,52,52,52,52,52,52,52,52,52,52,52,52,52,52,52,52,52,52,52,52,52,52,52,52,52,52,52,52,52,52,52,52,52,52,52,52,52,52,52,52,52,52,52,52,52,52,52,52,52,52,52,52,52,52,52,52,52,52,52,52,52,52,52,52,52,52,52,52,52,52,52,52,52,52,52,52,52,52,52,52,52,52,52,52,52,52,52,52,52,52,52,52,52,52,52,52,52,52,52,52,52,52,52,52,52,52,52,52,52,52,52,52,52,52,52,52,52,52,52,52,52,52,52,52,52,52,52,52,52,52,52,52,52,52,52,52,52,52,52,52,52,52,52,52,52,52,52,52,52,52,52,52,52,52,52,52,52,52,52,52,52,52,52,52,52,52,52,52,52,52,52,52,52,52,52,52,52,52,52,52,52,52,52,52,52,52,52,52,52,52,52,52,52,52,52,52,52,52,52,52,52,52,52,52,52,52,52,52,52,52,52,52,52,52,52,52,52,52,52,52,52,52,52,52,52,52,52,52,52,52
